,date,variable,value
0,2023-01-01,T2M,64.31
1,2023-01-02,T2M,69.07
2,2023-01-03,T2M,70.61
3,2023-01-04,T2M,71.03
4,2023-01-05,T2M,81.01
5,2023-01-06,T2M,75.49
6,2023-01-07,T2M,68.8
7,2023-01-08,T2M,69.19
8,2023-01-09,T2M,65.87
9,2023-01-10,T2M,68.4
10,2023-01-11,T2M,68.57
11,2023-01-12,T2M,65.51
12,2023-01-13,T2M,75.5
13,2023-01-14,T2M,71.22
14,2023-01-15,T2M,74.47
15,2023-01-16,T2M,64.3
16,2023-01-17,T2M,74.96
17,2023-01-18,T2M,74.44
18,2023-01-19,T2M,72.21
19,2023-01-20,T2M,75.01
20,2023-01-21,T2M,77.38
21,2023-01-22,T2M,78.98
22,2023-01-23,T2M,76.4
23,2023-01-24,T2M,75.99
24,2023-01-25,T2M,78.37
25,2023-01-26,T2M,77.81
26,2023-01-27,T2M,80.43
27,2023-01-28,T2M,84.04
28,2023-01-29,T2M,79.98
29,2023-01-30,T2M,87.63
30,2023-01-31,T2M,85.17
31,2023-02-01,T2M,84.62
32,2023-02-02,T2M,79.6
33,2023-02-03,T2M,74.81
34,2023-02-04,T2M,79.83
35,2023-02-05,T2M,76.97
36,2023-02-06,T2M,81.85
37,2023-02-07,T2M,77.2
38,2023-02-08,T2M,77.67
39,2023-02-09,T2M,73.53
40,2023-02-10,T2M,70.48
41,2023-02-11,T2M,70.57
42,2023-02-12,T2M,64.26
43,2023-02-13,T2M,62.37
44,2023-02-14,T2M,59.06
45,2023-02-15,T2M,55.31
46,2023-02-16,T2M,51.27
47,2023-02-17,T2M,50.12
48,2023-02-18,T2M,51.18
49,2023-02-19,T2M,62.19
50,2023-02-20,T2M,59.5
51,2023-02-21,T2M,68.11
52,2023-02-22,T2M,71.87
53,2023-02-23,T2M,73.72
54,2023-02-24,T2M,76.43
55,2023-02-25,T2M,75.72
56,2023-02-26,T2M,72.46
57,2023-02-27,T2M,79.06
58,2023-02-28,T2M,78.49
59,2023-03-01,T2M,77.08
60,2023-03-02,T2M,85.36
61,2023-03-03,T2M,80.77
62,2023-03-04,T2M,82.63
63,2023-03-05,T2M,80.51
64,2023-03-06,T2M,83.16
65,2023-03-07,T2M,79.24
66,2023-03-08,T2M,82.47
67,2023-03-09,T2M,82.73
68,2023-03-10,T2M,80.88
69,2023-03-11,T2M,80.46
70,2023-03-12,T2M,78.59
71,2023-03-13,T2M,78.19
72,2023-03-14,T2M,80.65
73,2023-03-15,T2M,84.2
74,2023-03-16,T2M,79.83
75,2023-03-17,T2M,70.38
76,2023-03-18,T2M,84.41
77,2023-03-19,T2M,77.79
78,2023-03-20,T2M,73.15
79,2023-03-21,T2M,84.11
80,2023-03-22,T2M,77.28
81,2023-03-23,T2M,82.72
82,2023-03-24,T2M,86.07
83,2023-03-25,T2M,82.13
84,2023-03-26,T2M,75.34
85,2023-03-27,T2M,80.38
86,2023-03-28,T2M,74.92
87,2023-03-29,T2M,75.34
88,2023-03-30,T2M,79.47
89,2023-03-31,T2M,83.78
90,2023-04-01,T2M,77.52
91,2023-04-02,T2M,80.34
92,2023-04-03,T2M,83.77
93,2023-04-04,T2M,79.33
94,2023-04-05,T2M,79.58
95,2023-04-06,T2M,84.14
96,2023-04-07,T2M,82.64
97,2023-04-08,T2M,84.53
98,2023-04-09,T2M,83.44
99,2023-04-10,T2M,81.01
100,2023-04-11,T2M,86.19
101,2023-04-12,T2M,82.18
102,2023-04-13,T2M,81.28
103,2023-04-14,T2M,84.36
104,2023-04-15,T2M,86.16
105,2023-04-16,T2M,87.5
106,2023-04-17,T2M,87.72
107,2023-04-18,T2M,81.69
108,2023-04-19,T2M,88.01
109,2023-04-20,T2M,81.47
110,2023-04-21,T2M,84.75
111,2023-04-22,T2M,84.08
112,2023-04-23,T2M,88.77
113,2023-04-24,T2M,75.66
114,2023-04-25,T2M,81.0
115,2023-04-26,T2M,80.41
116,2023-04-27,T2M,81.63
117,2023-04-28,T2M,78.9
118,2023-04-29,T2M,84.65
119,2023-04-30,T2M,82.74
120,2023-05-01,T2M,79.54
121,2023-05-02,T2M,79.56
122,2023-05-03,T2M,83.57
123,2023-05-04,T2M,85.08
124,2023-05-05,T2M,76.65
125,2023-05-06,T2M,84.48
126,2023-05-07,T2M,80.04
127,2023-05-08,T2M,79.46
128,2023-05-09,T2M,81.58
129,2023-05-10,T2M,80.52
130,2023-05-11,T2M,78.91
131,2023-05-12,T2M,83.38
132,2023-05-13,T2M,76.56
133,2023-05-14,T2M,80.89
134,2023-05-15,T2M,84.52
135,2023-05-16,T2M,83.24
136,2023-05-17,T2M,84.71
137,2023-05-18,T2M,85.7
138,2023-05-19,T2M,84.55
139,2023-05-20,T2M,85.9
140,2023-05-21,T2M,86.3
141,2023-05-22,T2M,85.2
142,2023-05-23,T2M,84.83
143,2023-05-24,T2M,84.01
144,2023-05-25,T2M,86.1
145,2023-05-26,T2M,81.52
146,2023-05-27,T2M,87.08
147,2023-05-28,T2M,90.22
148,2023-05-29,T2M,84.41
149,2023-05-30,T2M,82.36
150,2023-05-31,T2M,85.35
151,2023-06-01,T2M,86.02
152,2023-06-02,T2M,88.99
153,2023-06-03,T2M,85.42
154,2023-06-04,T2M,91.61
155,2023-06-05,T2M,89.65
156,2023-06-06,T2M,91.97
157,2023-06-07,T2M,92.18
158,2023-06-08,T2M,89.87
159,2023-06-09,T2M,87.83
160,2023-06-10,T2M,87.83
161,2023-06-11,T2M,90.59
162,2023-06-12,T2M,80.06
163,2023-06-13,T2M,86.8
164,2023-06-14,T2M,87.38
165,2023-06-15,T2M,88.57
166,2023-06-16,T2M,86.58
167,2023-06-17,T2M,87.84
168,2023-06-18,T2M,92.0
169,2023-06-19,T2M,94.03
170,2023-06-20,T2M,89.84
171,2023-06-21,T2M,90.07
172,2023-06-22,T2M,90.16
173,2023-06-23,T2M,84.95
174,2023-06-24,T2M,87.43
175,2023-06-25,T2M,84.6
176,2023-06-26,T2M,88.42
177,2023-06-27,T2M,94.86
178,2023-06-28,T2M,92.97
179,2023-06-29,T2M,88.89
180,2023-06-30,T2M,90.21
181,2023-07-01,T2M,90.58
182,2023-07-02,T2M,89.85
183,2023-07-03,T2M,86.69
184,2023-07-04,T2M,94.94
185,2023-07-05,T2M,84.43
186,2023-07-06,T2M,82.24
187,2023-07-07,T2M,92.18
188,2023-07-08,T2M,90.5
189,2023-07-09,T2M,83.58
190,2023-07-10,T2M,85.47
191,2023-07-11,T2M,91.8
192,2023-07-12,T2M,89.89
193,2023-07-13,T2M,92.32
194,2023-07-14,T2M,83.54
195,2023-07-15,T2M,82.15
196,2023-07-16,T2M,89.0
197,2023-07-17,T2M,84.51
198,2023-07-18,T2M,88.18
199,2023-07-19,T2M,93.67
200,2023-07-20,T2M,92.77
201,2023-07-21,T2M,90.58
202,2023-07-22,T2M,93.63
203,2023-07-23,T2M,87.95
204,2023-07-24,T2M,92.89
205,2023-07-25,T2M,84.61
206,2023-07-26,T2M,85.89
207,2023-07-27,T2M,91.28
208,2023-07-28,T2M,92.39
209,2023-07-29,T2M,89.76
210,2023-07-30,T2M,86.29
211,2023-07-31,T2M,89.63
212,2023-08-01,T2M,86.62
213,2023-08-02,T2M,84.88
214,2023-08-03,T2M,86.31
215,2023-08-04,T2M,84.94
216,2023-08-05,T2M,85.49
217,2023-08-06,T2M,90.49
218,2023-08-07,T2M,85.41
219,2023-08-08,T2M,86.6
220,2023-08-09,T2M,85.11
221,2023-08-10,T2M,91.1
222,2023-08-11,T2M,86.74
223,2023-08-12,T2M,85.49
224,2023-08-13,T2M,90.37
225,2023-08-14,T2M,87.46
226,2023-08-15,T2M,83.26
227,2023-08-16,T2M,84.35
228,2023-08-17,T2M,87.38
229,2023-08-18,T2M,86.68
230,2023-08-19,T2M,89.78
231,2023-08-20,T2M,86.1
232,2023-08-21,T2M,86.03
233,2023-08-22,T2M,89.76
234,2023-08-23,T2M,89.56
235,2023-08-24,T2M,89.05
236,2023-08-25,T2M,83.97
237,2023-08-26,T2M,86.84
238,2023-08-27,T2M,91.76
239,2023-08-28,T2M,85.45
240,2023-08-29,T2M,89.41
241,2023-08-30,T2M,87.08
242,2023-08-31,T2M,84.26
243,2023-09-01,T2M,89.23
244,2023-09-02,T2M,87.77
245,2023-09-03,T2M,86.05
246,2023-09-04,T2M,90.32
247,2023-09-05,T2M,86.39
248,2023-09-06,T2M,84.39
249,2023-09-07,T2M,84.43
250,2023-09-08,T2M,90.5
251,2023-09-09,T2M,87.83
252,2023-09-10,T2M,85.92
253,2023-09-11,T2M,85.78
254,2023-09-12,T2M,89.91
255,2023-09-13,T2M,88.39
256,2023-09-14,T2M,87.61
257,2023-09-15,T2M,89.98
258,2023-09-16,T2M,91.38
259,2023-09-17,T2M,87.8
260,2023-09-18,T2M,84.86
261,2023-09-19,T2M,92.13
262,2023-09-20,T2M,81.84
263,2023-09-21,T2M,87.61
264,2023-09-22,T2M,90.46
265,2023-09-23,T2M,88.77
266,2023-09-24,T2M,83.12
267,2023-09-25,T2M,86.23
268,2023-09-26,T2M,82.35
269,2023-09-27,T2M,87.4
270,2023-09-28,T2M,93.59
271,2023-09-29,T2M,90.06
272,2023-09-30,T2M,88.15
273,2023-10-01,T2M,88.22
274,2023-10-02,T2M,87.68
275,2023-10-03,T2M,92.06
276,2023-10-04,T2M,93.11
277,2023-10-05,T2M,84.84
278,2023-10-06,T2M,84.26
279,2023-10-07,T2M,89.58
280,2023-10-08,T2M,87.2
281,2023-10-09,T2M,82.24
282,2023-10-10,T2M,84.73
283,2023-10-11,T2M,88.08
284,2023-10-12,T2M,89.53
285,2023-10-13,T2M,85.71
286,2023-10-14,T2M,91.6
287,2023-10-15,T2M,94.15
288,2023-10-16,T2M,92.39
289,2023-10-17,T2M,82.86
290,2023-10-18,T2M,83.94
291,2023-10-19,T2M,88.53
292,2023-10-20,T2M,86.12
293,2023-10-21,T2M,85.08
294,2023-10-22,T2M,83.68
295,2023-10-23,T2M,91.06
296,2023-10-24,T2M,91.47
297,2023-10-25,T2M,85.63
298,2023-10-26,T2M,83.74
299,2023-10-27,T2M,87.98
300,2023-10-28,T2M,89.3
301,2023-10-29,T2M,84.44
302,2023-10-30,T2M,89.11
303,2023-10-31,T2M,91.59
304,2023-11-01,T2M,85.72
305,2023-11-02,T2M,87.26
306,2023-11-03,T2M,91.55
307,2023-11-04,T2M,86.26
308,2023-11-05,T2M,82.76
309,2023-11-06,T2M,89.38
310,2023-11-07,T2M,90.0
311,2023-11-08,T2M,89.92
312,2023-11-09,T2M,91.04
313,2023-11-10,T2M,90.07
314,2023-11-11,T2M,86.82
315,2023-11-12,T2M,85.92
316,2023-11-13,T2M,83.78
317,2023-11-14,T2M,90.39
318,2023-11-15,T2M,83.56
319,2023-11-16,T2M,87.87
320,2023-11-17,T2M,82.81
321,2023-11-18,T2M,85.78
322,2023-11-19,T2M,84.79
323,2023-11-20,T2M,84.54
324,2023-11-21,T2M,79.96
325,2023-11-22,T2M,84.45
326,2023-11-23,T2M,89.24
327,2023-11-24,T2M,86.54
328,2023-11-25,T2M,88.32
329,2023-11-26,T2M,91.64
330,2023-11-27,T2M,82.16
331,2023-11-28,T2M,85.12
332,2023-11-29,T2M,84.29
333,2023-11-30,T2M,83.48
334,2023-12-01,T2M,81.4
335,2023-12-02,T2M,82.8
336,2023-12-03,T2M,81.76
337,2023-12-04,T2M,81.71
338,2023-12-05,T2M,80.67
339,2023-12-06,T2M,79.54
340,2023-12-07,T2M,79.47
341,2023-12-08,T2M,83.75
342,2023-12-09,T2M,77.73
343,2023-12-10,T2M,78.07
344,2023-12-11,T2M,64.59
345,2023-12-12,T2M,54.03
346,2023-12-13,T2M,59.73
347,2023-12-14,T2M,70.05
348,2023-12-15,T2M,65.01
349,2023-12-16,T2M,71.45
350,2023-12-17,T2M,71.79
351,2023-12-18,T2M,73.98
352,2023-12-19,T2M,77.83
353,2023-12-20,T2M,79.26
354,2023-12-21,T2M,76.2
355,2023-12-22,T2M,68.75
356,2023-12-23,T2M,57.9
357,2023-12-24,T2M,65.44
358,2023-12-25,T2M,53.08
359,2023-12-26,T2M,66.37
360,2023-12-27,T2M,59.46
361,2023-12-28,T2M,66.06
362,2023-12-29,T2M,64.51
363,2023-12-30,T2M,70.73
364,2023-12-31,T2M,72.28
365,2024-01-01,T2M,76.31
366,2024-01-02,T2M,71.29
367,2024-01-03,T2M,76.05
368,2024-01-04,T2M,71.13
369,2024-01-05,T2M,73.88
370,2024-01-06,T2M,73.83
371,2024-01-07,T2M,72.56
372,2024-01-08,T2M,70.77
373,2024-01-09,T2M,70.87
374,2024-01-10,T2M,56.76
375,2024-01-11,T2M,57.2
376,2024-01-12,T2M,61.28
377,2024-01-13,T2M,65.57
378,2024-01-14,T2M,57.94
379,2024-01-15,T2M,37.66
380,2024-01-16,T2M,41.65
381,2024-01-17,T2M,56.3
382,2024-01-18,T2M,60.1
383,2024-01-19,T2M,68.96
384,2024-01-20,T2M,53.52
385,2024-01-21,T2M,44.72
386,2024-01-22,T2M,55.68
387,2024-01-23,T2M,69.77
388,2024-01-24,T2M,59.59
389,2024-01-25,T2M,39.85
390,2024-01-26,T2M,47.81
391,2024-01-27,T2M,43.52
392,2024-01-28,T2M,49.75
393,2024-01-29,T2M,64.76
394,2024-01-30,T2M,57.6
395,2024-01-31,T2M,62.3
396,2024-02-01,T2M,58.42
397,2024-02-02,T2M,57.55
398,2024-02-03,T2M,45.76
399,2024-02-04,T2M,59.19
400,2024-02-05,T2M,54.91
401,2024-02-06,T2M,51.59
402,2024-02-07,T2M,56.11
403,2024-02-08,T2M,56.13
404,2024-02-09,T2M,61.9
405,2024-02-10,T2M,65.67
406,2024-02-11,T2M,67.73
407,2024-02-12,T2M,64.43
408,2024-02-13,T2M,68.76
409,2024-02-14,T2M,71.98
410,2024-02-15,T2M,62.34
411,2024-02-16,T2M,54.03
412,2024-02-17,T2M,65.48
413,2024-02-18,T2M,58.28
414,2024-02-19,T2M,67.54
415,2024-02-20,T2M,67.58
416,2024-02-21,T2M,74.3
417,2024-02-22,T2M,72.2
418,2024-02-23,T2M,54.52
419,2024-02-24,T2M,43.96
420,2024-02-25,T2M,57.71
421,2024-02-26,T2M,63.9
422,2024-02-27,T2M,66.93
423,2024-02-28,T2M,68.84
424,2024-02-29,T2M,72.0
425,2024-03-01,T2M,66.54
426,2024-03-02,T2M,79.56
427,2024-03-03,T2M,74.89
428,2024-03-04,T2M,72.64
429,2024-03-05,T2M,79.9
430,2024-03-06,T2M,80.79
431,2024-03-07,T2M,78.34
432,2024-03-08,T2M,77.37
433,2024-03-09,T2M,81.66
434,2024-03-10,T2M,69.49
435,2024-03-11,T2M,81.0
436,2024-03-12,T2M,76.6
437,2024-03-13,T2M,75.75
438,2024-03-14,T2M,78.32
439,2024-03-15,T2M,75.69
440,2024-03-16,T2M,68.6
441,2024-03-17,T2M,73.41
442,2024-03-18,T2M,74.92
443,2024-03-19,T2M,52.98
444,2024-03-20,T2M,50.74
445,2024-03-21,T2M,66.84
446,2024-03-22,T2M,66.96
447,2024-03-23,T2M,72.04
448,2024-03-24,T2M,71.2
449,2024-03-25,T2M,76.28
450,2024-03-26,T2M,65.66
451,2024-03-27,T2M,64.24
452,2024-03-28,T2M,73.52
453,2024-03-29,T2M,74.22
454,2024-03-30,T2M,78.49
455,2024-03-31,T2M,73.34
456,2024-04-01,T2M,74.16
457,2024-04-02,T2M,70.17
458,2024-04-03,T2M,64.92
459,2024-04-04,T2M,73.61
460,2024-04-05,T2M,80.6
461,2024-04-06,T2M,71.42
462,2024-04-07,T2M,68.88
463,2024-04-08,T2M,78.44
464,2024-04-09,T2M,87.61
465,2024-04-10,T2M,72.52
466,2024-04-11,T2M,79.63
467,2024-04-12,T2M,75.15
468,2024-04-13,T2M,82.62
469,2024-04-14,T2M,79.93
470,2024-04-15,T2M,76.37
471,2024-04-16,T2M,83.37
472,2024-04-17,T2M,77.92
473,2024-04-18,T2M,81.82
474,2024-04-19,T2M,79.38
475,2024-04-20,T2M,76.4
476,2024-04-21,T2M,75.16
477,2024-04-22,T2M,72.12
478,2024-04-23,T2M,79.99
479,2024-04-24,T2M,83.51
480,2024-04-25,T2M,83.89
481,2024-04-26,T2M,85.11
482,2024-04-27,T2M,83.36
483,2024-04-28,T2M,81.41
484,2024-04-29,T2M,87.33
485,2024-04-30,T2M,89.74
486,2024-05-01,T2M,83.21
487,2024-05-02,T2M,91.27
488,2024-05-03,T2M,87.5
489,2024-05-04,T2M,87.03
490,2024-05-05,T2M,82.48
491,2024-05-06,T2M,85.91
492,2024-05-07,T2M,85.22
493,2024-05-08,T2M,89.68
494,2024-05-09,T2M,88.3
495,2024-05-10,T2M,87.52
496,2024-05-11,T2M,84.15
497,2024-05-12,T2M,86.5
498,2024-05-13,T2M,88.5
499,2024-05-14,T2M,79.85
500,2024-05-15,T2M,83.91
501,2024-05-16,T2M,89.13
502,2024-05-17,T2M,87.62
503,2024-05-18,T2M,86.32
504,2024-05-19,T2M,85.59
505,2024-05-20,T2M,86.13
506,2024-05-21,T2M,88.49
507,2024-05-22,T2M,91.98
508,2024-05-23,T2M,86.43
509,2024-05-24,T2M,87.51
510,2024-05-25,T2M,82.84
511,2024-05-26,T2M,69.42
512,2024-05-27,T2M,80.1
513,2024-05-28,T2M,90.14
514,2024-05-29,T2M,88.16
515,2024-05-30,T2M,89.64
516,2024-05-31,T2M,84.91
517,2024-06-01,T2M,79.44
518,2024-06-02,T2M,91.99
519,2024-06-03,T2M,86.53
520,2024-06-04,T2M,92.18
521,2024-06-05,T2M,89.07
522,2024-06-06,T2M,90.41
523,2024-06-07,T2M,85.19
524,2024-06-08,T2M,87.48
525,2024-06-09,T2M,91.23
526,2024-06-10,T2M,85.88
527,2024-06-11,T2M,88.1
528,2024-06-12,T2M,81.79
529,2024-06-13,T2M,83.12
530,2024-06-14,T2M,90.56
531,2024-06-15,T2M,88.02
532,2024-06-16,T2M,88.77
533,2024-06-17,T2M,78.71
534,2024-06-18,T2M,81.58
535,2024-06-19,T2M,83.09
536,2024-06-20,T2M,89.36
537,2024-06-21,T2M,92.43
538,2024-06-22,T2M,87.71
539,2024-06-23,T2M,90.83
540,2024-06-24,T2M,92.27
541,2024-06-25,T2M,91.21
542,2024-06-26,T2M,88.81
543,2024-06-27,T2M,87.04
544,2024-06-28,T2M,87.53
545,2024-06-29,T2M,87.94
546,2024-06-30,T2M,90.79
547,2024-07-01,T2M,89.49
548,2024-07-02,T2M,87.4
549,2024-07-03,T2M,89.37
550,2024-07-04,T2M,89.01
551,2024-07-05,T2M,92.68
552,2024-07-06,T2M,87.09
553,2024-07-07,T2M,90.13
554,2024-07-08,T2M,90.68
555,2024-07-09,T2M,87.94
556,2024-07-10,T2M,89.88
557,2024-07-11,T2M,89.61
558,2024-07-12,T2M,87.12
559,2024-07-13,T2M,87.42
560,2024-07-14,T2M,88.43
561,2024-07-15,T2M,91.95
562,2024-07-16,T2M,90.48
563,2024-07-17,T2M,89.62
564,2024-07-18,T2M,93.22
565,2024-07-19,T2M,88.32
566,2024-07-20,T2M,86.14
567,2024-07-21,T2M,87.81
568,2024-07-22,T2M,85.21
569,2024-07-23,T2M,84.95
570,2024-07-24,T2M,86.0
571,2024-07-25,T2M,85.93
572,2024-07-26,T2M,86.02
573,2024-07-27,T2M,87.43
574,2024-07-28,T2M,90.84
575,2024-07-29,T2M,87.1
576,2024-07-30,T2M,87.88
577,2024-07-31,T2M,85.21
578,2024-08-01,T2M,87.09
579,2024-08-02,T2M,87.34
580,2024-08-03,T2M,84.66
581,2024-08-04,T2M,85.97
582,2024-08-05,T2M,85.25
583,2024-08-06,T2M,85.32
584,2024-08-07,T2M,84.36
585,2024-08-08,T2M,83.95
586,2024-08-09,T2M,84.78
587,2024-08-10,T2M,86.38
588,2024-08-11,T2M,86.56
589,2024-08-12,T2M,89.03
590,2024-08-13,T2M,89.46
591,2024-08-14,T2M,85.91
592,2024-08-15,T2M,88.71
593,2024-08-16,T2M,86.54
594,2024-08-17,T2M,88.78
595,2024-08-18,T2M,87.75
596,2024-08-19,T2M,92.89
597,2024-08-20,T2M,88.49
598,2024-08-21,T2M,86.36
599,2024-08-22,T2M,88.55
600,2024-08-23,T2M,89.65
601,2024-08-24,T2M,88.52
602,2024-08-25,T2M,88.22
603,2024-08-26,T2M,92.87
604,2024-08-27,T2M,88.8
605,2024-08-28,T2M,86.35
606,2024-08-29,T2M,88.4
607,2024-08-30,T2M,88.0
608,2024-08-31,T2M,86.49
609,2024-09-01,T2M,83.84
610,2024-09-02,T2M,85.7
611,2024-09-03,T2M,84.82
612,2024-09-04,T2M,84.11
613,2024-09-05,T2M,85.19
614,2024-09-06,T2M,88.89
615,2024-09-07,T2M,86.09
616,2024-09-08,T2M,82.86
617,2024-09-09,T2M,86.55
618,2024-09-10,T2M,88.43
619,2024-09-11,T2M,85.82
620,2024-09-12,T2M,87.05
621,2024-09-13,T2M,87.24
622,2024-09-14,T2M,89.73
623,2024-09-15,T2M,85.1
624,2024-09-16,T2M,88.21
625,2024-09-17,T2M,90.11
626,2024-09-18,T2M,83.82
627,2024-09-19,T2M,84.49
628,2024-09-20,T2M,89.08
629,2024-09-21,T2M,85.04
630,2024-09-22,T2M,85.28
631,2024-09-23,T2M,87.97
632,2024-09-24,T2M,83.48
633,2024-09-25,T2M,88.06
634,2024-09-26,T2M,86.66
635,2024-09-27,T2M,88.44
636,2024-09-28,T2M,88.55
637,2024-09-29,T2M,85.61
638,2024-09-30,T2M,85.91
639,2024-10-01,T2M,87.93
640,2024-10-02,T2M,85.34
641,2024-10-03,T2M,90.43
642,2024-10-04,T2M,88.15
643,2024-10-05,T2M,86.68
644,2024-10-06,T2M,86.45
645,2024-10-07,T2M,83.31
646,2024-10-08,T2M,89.1
647,2024-10-09,T2M,91.33
648,2024-10-10,T2M,82.89
649,2024-10-11,T2M,82.14
650,2024-10-12,T2M,91.28
651,2024-10-13,T2M,91.96
652,2024-10-14,T2M,85.66
653,2024-10-15,T2M,82.84
654,2024-10-16,T2M,86.71
655,2024-10-17,T2M,87.13
656,2024-10-18,T2M,87.58
657,2024-10-19,T2M,82.9
658,2024-10-20,T2M,93.05
659,2024-10-21,T2M,84.2
660,2024-10-22,T2M,88.47
661,2024-10-23,T2M,91.24
662,2024-10-24,T2M,92.47
663,2024-10-25,T2M,90.86
664,2024-10-26,T2M,89.82
665,2024-10-27,T2M,91.8
666,2024-10-28,T2M,86.39
667,2024-10-29,T2M,86.75
668,2024-10-30,T2M,79.78
669,2024-10-31,T2M,76.11
670,2024-11-01,T2M,82.25
671,2024-11-02,T2M,78.14
672,2024-11-03,T2M,67.95
673,2024-11-04,T2M,70.28
674,2024-11-05,T2M,74.86
675,2024-11-06,T2M,82.05
676,2024-11-07,T2M,84.3
677,2024-11-08,T2M,81.27
678,2024-11-09,T2M,73.41
679,2024-11-10,T2M,77.03
680,2024-11-11,T2M,67.07
681,2024-11-12,T2M,74.76
682,2024-11-13,T2M,70.69
683,2024-11-14,T2M,73.64
684,2024-11-15,T2M,73.05
685,2024-11-16,T2M,65.31
686,2024-11-17,T2M,67.71
687,2024-11-18,T2M,64.18
688,2024-11-19,T2M,66.34
689,2024-11-20,T2M,64.55
690,2024-11-21,T2M,57.83
691,2024-11-22,T2M,69.75
692,2024-11-23,T2M,61.95
693,2024-11-24,T2M,61.36
694,2024-11-25,T2M,57.24
695,2024-11-26,T2M,54.4
696,2024-11-27,T2M,52.92
697,2024-11-28,T2M,56.87
698,2024-11-29,T2M,54.21
699,2024-11-30,T2M,59.14
700,2024-12-01,T2M,58.49
701,2024-12-02,T2M,54.32
702,2024-12-03,T2M,59.9
703,2024-12-04,T2M,49.22
704,2024-12-05,T2M,53.08
705,2024-12-06,T2M,65.97
706,2024-12-07,T2M,62.07
707,2024-12-08,T2M,57.33
708,2024-12-09,T2M,62.35
709,2024-12-10,T2M,57.42
710,2024-12-11,T2M,57.22
711,2024-12-12,T2M,66.37
712,2024-12-13,T2M,61.95
713,2024-12-14,T2M,46.95
714,2024-12-15,T2M,54.22
715,2024-12-16,T2M,55.04
716,2024-12-17,T2M,55.7
717,2024-12-18,T2M,48.57
718,2024-12-19,T2M,50.53
719,2024-12-20,T2M,43.64
720,2024-12-21,T2M,50.75
721,2024-12-22,T2M,54.34
722,2024-12-23,T2M,61.56
723,2024-12-24,T2M,56.88
724,2024-12-25,T2M,59.52
725,2024-12-26,T2M,49.04
726,2024-12-27,T2M,47.98
727,2024-12-28,T2M,46.39
728,2024-12-29,T2M,52.59
729,2024-12-30,T2M,57.12
730,2024-12-31,T2M,65.23
731,2025-01-01,T2M,65.17
732,2025-01-02,T2M,63.09
733,2025-01-03,T2M,65.2
734,2025-01-04,T2M,68.17
735,2025-01-05,T2M,54.99
736,2025-01-06,T2M,43.25
737,2025-01-07,T2M,50.0
738,2025-01-08,T2M,52.99
739,2025-01-09,T2M,39.48
740,2025-01-10,T2M,42.51
741,2025-01-11,T2M,38.44
742,2025-01-12,T2M,41.46
743,2025-01-13,T2M,49.28
744,2025-01-14,T2M,58.81
745,2025-01-15,T2M,56.36
746,2025-01-16,T2M,43.3
747,2025-01-17,T2M,65.1
748,2025-01-18,T2M,72.68
749,2025-01-19,T2M,68.45
750,2025-01-20,T2M,67.33
751,2025-01-21,T2M,65.88
752,2025-01-22,T2M,54.85
753,2025-01-23,T2M,61.95
754,2025-01-24,T2M,60.5
755,2025-01-25,T2M,61.16
756,2025-01-26,T2M,60.82
757,2025-01-27,T2M,51.89
758,2025-01-28,T2M,38.67
759,2025-01-29,T2M,51.98
760,2025-01-30,T2M,54.26
761,2025-01-31,T2M,44.94
762,2025-02-01,T2M,58.63
763,2025-02-02,T2M,60.74
764,2025-02-03,T2M,49.28
765,2025-02-04,T2M,62.23
766,2025-02-05,T2M,61.45
767,2025-02-06,T2M,57.68
768,2025-02-07,T2M,68.84
769,2025-02-08,T2M,64.21
770,2025-02-09,T2M,62.53
771,2025-02-10,T2M,58.5
772,2025-02-11,T2M,54.84
773,2025-02-12,T2M,50.8
774,2025-02-13,T2M,43.02
775,2025-02-14,T2M,57.51
776,2025-02-15,T2M,53.9
777,2025-02-16,T2M,49.37
778,2025-02-17,T2M,51.12
779,2025-02-18,T2M,61.26
780,2025-02-19,T2M,58.58
781,2025-02-20,T2M,62.74
782,2025-02-21,T2M,69.48
783,2025-02-22,T2M,70.45
784,2025-02-23,T2M,69.74
785,2025-02-24,T2M,70.68
786,2025-02-25,T2M,67.87
787,2025-02-26,T2M,74.56
788,2025-02-27,T2M,71.56
789,2025-02-28,T2M,54.22
790,2025-03-01,T2M,65.77
791,2025-03-02,T2M,61.38
792,2025-03-03,T2M,65.53
793,2025-03-04,T2M,61.89
794,2025-03-05,T2M,62.43
795,2025-03-06,T2M,57.74
796,2025-03-07,T2M,56.9
797,2025-03-08,T2M,58.93
798,2025-03-09,T2M,60.48
799,2025-03-10,T2M,59.62
800,2025-03-11,T2M,60.23
801,2025-03-12,T2M,68.15
802,2025-03-13,T2M,70.47
803,2025-03-14,T2M,63.26
804,2025-03-15,T2M,63.7
805,2025-03-16,T2M,62.74
806,2025-03-17,T2M,66.74
807,2025-03-18,T2M,66.96
808,2025-03-19,T2M,65.08
809,2025-03-20,T2M,66.9
810,2025-03-21,T2M,66.0
811,2025-03-22,T2M,71.0
812,2025-03-23,T2M,70.66
813,2025-03-24,T2M,62.33
814,2025-03-25,T2M,61.67
815,2025-03-26,T2M,65.41
816,2025-03-27,T2M,63.92
817,2025-03-28,T2M,65.43
818,2025-03-29,T2M,64.84
819,2025-03-30,T2M,63.82
820,2025-03-31,T2M,70.85
821,2025-04-01,T2M,85.0
822,2025-04-02,T2M,98.08
823,2025-04-03,T2M,89.46
824,2025-04-04,T2M,86.55
825,2025-04-05,T2M,87.6
826,2025-04-06,T2M,86.42
827,2025-04-07,T2M,86.85
828,2025-04-08,T2M,88.56
829,2025-04-09,T2M,88.42
830,2025-04-10,T2M,96.97
831,2025-04-11,T2M,90.85
832,2025-04-12,T2M,89.21
833,2025-04-13,T2M,88.68
834,2025-04-14,T2M,86.5
835,2025-04-15,T2M,88.12
836,2025-04-16,T2M,89.34
837,2025-04-17,T2M,89.03
838,2025-04-18,T2M,87.32
839,2025-04-19,T2M,86.39
840,2025-04-20,T2M,86.16
841,2025-04-21,T2M,85.84
842,2025-04-22,T2M,93.8
843,2025-04-23,T2M,90.28
844,2025-04-24,T2M,89.74
845,2025-04-25,T2M,87.23
846,2025-04-26,T2M,91.53
847,2025-04-27,T2M,89.37
848,2025-04-28,T2M,91.01
849,2025-04-29,T2M,95.66
850,2025-04-30,T2M,88.53
851,2023-01-01,PRECTOTCORR,0.0
852,2023-01-02,PRECTOTCORR,0.0
853,2023-01-03,PRECTOTCORR,0.0
854,2023-01-04,PRECTOTCORR,0.0
855,2023-01-05,PRECTOTCORR,0.18
856,2023-01-06,PRECTOTCORR,0.01
857,2023-01-07,PRECTOTCORR,0.0
858,2023-01-08,PRECTOTCORR,0.0
859,2023-01-09,PRECTOTCORR,0.0
860,2023-01-10,PRECTOTCORR,0.0
861,2023-01-11,PRECTOTCORR,0.02
862,2023-01-12,PRECTOTCORR,0.01
863,2023-01-13,PRECTOTCORR,0.03
864,2023-01-14,PRECTOTCORR,0.08
865,2023-01-15,PRECTOTCORR,0.03
866,2023-01-16,PRECTOTCORR,0.0
867,2023-01-17,PRECTOTCORR,0.0
868,2023-01-18,PRECTOTCORR,0.0
869,2023-01-19,PRECTOTCORR,0.0
870,2023-01-20,PRECTOTCORR,0.01
871,2023-01-21,PRECTOTCORR,0.0
872,2023-01-22,PRECTOTCORR,0.0
873,2023-01-23,PRECTOTCORR,0.0
874,2023-01-24,PRECTOTCORR,0.0
875,2023-01-25,PRECTOTCORR,0.0
876,2023-01-26,PRECTOTCORR,0.18
877,2023-01-27,PRECTOTCORR,0.44
878,2023-01-28,PRECTOTCORR,0.62
879,2023-01-29,PRECTOTCORR,0.61
880,2023-01-30,PRECTOTCORR,0.21
881,2023-01-31,PRECTOTCORR,0.0
882,2023-02-01,PRECTOTCORR,0.0
883,2023-02-02,PRECTOTCORR,0.0
884,2023-02-03,PRECTOTCORR,0.0
885,2023-02-04,PRECTOTCORR,0.0
886,2023-02-05,PRECTOTCORR,1.91
887,2023-02-06,PRECTOTCORR,1.2
888,2023-02-07,PRECTOTCORR,1.92
889,2023-02-08,PRECTOTCORR,1.12
890,2023-02-09,PRECTOTCORR,0.34
891,2023-02-10,PRECTOTCORR,0.04
892,2023-02-11,PRECTOTCORR,0.0
893,2023-02-12,PRECTOTCORR,0.0
894,2023-02-13,PRECTOTCORR,0.0
895,2023-02-14,PRECTOTCORR,0.0
896,2023-02-15,PRECTOTCORR,0.0
897,2023-02-16,PRECTOTCORR,0.0
898,2023-02-17,PRECTOTCORR,0.0
899,2023-02-18,PRECTOTCORR,0.0
900,2023-02-19,PRECTOTCORR,0.0
901,2023-02-20,PRECTOTCORR,0.0
902,2023-02-21,PRECTOTCORR,0.0
903,2023-02-22,PRECTOTCORR,0.05
904,2023-02-23,PRECTOTCORR,0.1
905,2023-02-24,PRECTOTCORR,0.06
906,2023-02-25,PRECTOTCORR,1.72
907,2023-02-26,PRECTOTCORR,0.76
908,2023-02-27,PRECTOTCORR,1.36
909,2023-02-28,PRECTOTCORR,0.3
910,2023-03-01,PRECTOTCORR,0.63
911,2023-03-02,PRECTOTCORR,1.64
912,2023-03-03,PRECTOTCORR,1.13
913,2023-03-04,PRECTOTCORR,2.94
914,2023-03-05,PRECTOTCORR,2.56
915,2023-03-06,PRECTOTCORR,1.58
916,2023-03-07,PRECTOTCORR,2.44
917,2023-03-08,PRECTOTCORR,4.66
918,2023-03-09,PRECTOTCORR,1.87
919,2023-03-10,PRECTOTCORR,2.43
920,2023-03-11,PRECTOTCORR,1.25
921,2023-03-12,PRECTOTCORR,0.09
922,2023-03-13,PRECTOTCORR,0.21
923,2023-03-14,PRECTOTCORR,0.4
924,2023-03-15,PRECTOTCORR,1.48
925,2023-03-16,PRECTOTCORR,0.33
926,2023-03-17,PRECTOTCORR,0.29
927,2023-03-18,PRECTOTCORR,1.99
928,2023-03-19,PRECTOTCORR,0.42
929,2023-03-20,PRECTOTCORR,0.69
930,2023-03-21,PRECTOTCORR,12.29
931,2023-03-22,PRECTOTCORR,0.28
932,2023-03-23,PRECTOTCORR,0.3
933,2023-03-24,PRECTOTCORR,2.78
934,2023-03-25,PRECTOTCORR,1.06
935,2023-03-26,PRECTOTCORR,0.38
936,2023-03-27,PRECTOTCORR,2.9
937,2023-03-28,PRECTOTCORR,1.41
938,2023-03-29,PRECTOTCORR,0.55
939,2023-03-30,PRECTOTCORR,2.12
940,2023-03-31,PRECTOTCORR,0.27
941,2023-04-01,PRECTOTCORR,0.2
942,2023-04-02,PRECTOTCORR,0.86
943,2023-04-03,PRECTOTCORR,1.75
944,2023-04-04,PRECTOTCORR,0.24
945,2023-04-05,PRECTOTCORR,0.29
946,2023-04-06,PRECTOTCORR,5.65
947,2023-04-07,PRECTOTCORR,3.85
948,2023-04-08,PRECTOTCORR,4.71
949,2023-04-09,PRECTOTCORR,2.36
950,2023-04-10,PRECTOTCORR,2.0
951,2023-04-11,PRECTOTCORR,2.05
952,2023-04-12,PRECTOTCORR,0.43
953,2023-04-13,PRECTOTCORR,1.55
954,2023-04-14,PRECTOTCORR,3.38
955,2023-04-15,PRECTOTCORR,3.15
956,2023-04-16,PRECTOTCORR,1.86
957,2023-04-17,PRECTOTCORR,4.93
958,2023-04-18,PRECTOTCORR,0.53
959,2023-04-19,PRECTOTCORR,2.06
960,2023-04-20,PRECTOTCORR,1.92
961,2023-04-21,PRECTOTCORR,1.5
962,2023-04-22,PRECTOTCORR,0.42
963,2023-04-23,PRECTOTCORR,0.77
964,2023-04-24,PRECTOTCORR,1.11
965,2023-04-25,PRECTOTCORR,0.31
966,2023-04-26,PRECTOTCORR,1.59
967,2023-04-27,PRECTOTCORR,3.74
968,2023-04-28,PRECTOTCORR,0.21
969,2023-04-29,PRECTOTCORR,1.95
970,2023-04-30,PRECTOTCORR,1.65
971,2023-05-01,PRECTOTCORR,1.07
972,2023-05-02,PRECTOTCORR,1.46
973,2023-05-03,PRECTOTCORR,0.99
974,2023-05-04,PRECTOTCORR,3.33
975,2023-05-05,PRECTOTCORR,1.78
976,2023-05-06,PRECTOTCORR,2.1
977,2023-05-07,PRECTOTCORR,1.8
978,2023-05-08,PRECTOTCORR,0.83
979,2023-05-09,PRECTOTCORR,1.09
980,2023-05-10,PRECTOTCORR,0.76
981,2023-05-11,PRECTOTCORR,0.62
982,2023-05-12,PRECTOTCORR,5.06
983,2023-05-13,PRECTOTCORR,0.23
984,2023-05-14,PRECTOTCORR,1.29
985,2023-05-15,PRECTOTCORR,1.39
986,2023-05-16,PRECTOTCORR,3.89
987,2023-05-17,PRECTOTCORR,8.32
988,2023-05-18,PRECTOTCORR,1.33
989,2023-05-19,PRECTOTCORR,3.57
990,2023-05-20,PRECTOTCORR,10.77
991,2023-05-21,PRECTOTCORR,1.73
992,2023-05-22,PRECTOTCORR,0.8
993,2023-05-23,PRECTOTCORR,0.63
994,2023-05-24,PRECTOTCORR,1.03
995,2023-05-25,PRECTOTCORR,5.68
996,2023-05-26,PRECTOTCORR,0.96
997,2023-05-27,PRECTOTCORR,2.63
998,2023-05-28,PRECTOTCORR,1.7
999,2023-05-29,PRECTOTCORR,0.52
1000,2023-05-30,PRECTOTCORR,0.63
1001,2023-05-31,PRECTOTCORR,4.06
1002,2023-06-01,PRECTOTCORR,4.01
1003,2023-06-02,PRECTOTCORR,44.33
1004,2023-06-03,PRECTOTCORR,4.06
1005,2023-06-04,PRECTOTCORR,2.45
1006,2023-06-05,PRECTOTCORR,17.6
1007,2023-06-06,PRECTOTCORR,29.49
1008,2023-06-07,PRECTOTCORR,6.71
1009,2023-06-08,PRECTOTCORR,4.25
1010,2023-06-09,PRECTOTCORR,2.67
1011,2023-06-10,PRECTOTCORR,9.31
1012,2023-06-11,PRECTOTCORR,20.1
1013,2023-06-12,PRECTOTCORR,3.9
1014,2023-06-13,PRECTOTCORR,3.77
1015,2023-06-14,PRECTOTCORR,8.79
1016,2023-06-15,PRECTOTCORR,1.82
1017,2023-06-16,PRECTOTCORR,0.78
1018,2023-06-17,PRECTOTCORR,1.76
1019,2023-06-18,PRECTOTCORR,1.95
1020,2023-06-19,PRECTOTCORR,25.91
1021,2023-06-20,PRECTOTCORR,3.35
1022,2023-06-21,PRECTOTCORR,4.88
1023,2023-06-22,PRECTOTCORR,7.93
1024,2023-06-23,PRECTOTCORR,2.2
1025,2023-06-24,PRECTOTCORR,1.24
1026,2023-06-25,PRECTOTCORR,1.62
1027,2023-06-26,PRECTOTCORR,2.18
1028,2023-06-27,PRECTOTCORR,38.33
1029,2023-06-28,PRECTOTCORR,8.58
1030,2023-06-29,PRECTOTCORR,0.47
1031,2023-06-30,PRECTOTCORR,1.04
1032,2023-07-01,PRECTOTCORR,8.88
1033,2023-07-02,PRECTOTCORR,5.26
1034,2023-07-03,PRECTOTCORR,11.05
1035,2023-07-04,PRECTOTCORR,21.4
1036,2023-07-05,PRECTOTCORR,3.05
1037,2023-07-06,PRECTOTCORR,1.52
1038,2023-07-07,PRECTOTCORR,26.12
1039,2023-07-08,PRECTOTCORR,10.06
1040,2023-07-09,PRECTOTCORR,1.09
1041,2023-07-10,PRECTOTCORR,0.36
1042,2023-07-11,PRECTOTCORR,1.19
1043,2023-07-12,PRECTOTCORR,16.23
1044,2023-07-13,PRECTOTCORR,1.99
1045,2023-07-14,PRECTOTCORR,1.57
1046,2023-07-15,PRECTOTCORR,0.33
1047,2023-07-16,PRECTOTCORR,1.07
1048,2023-07-17,PRECTOTCORR,0.3
1049,2023-07-18,PRECTOTCORR,0.5
1050,2023-07-19,PRECTOTCORR,1.35
1051,2023-07-20,PRECTOTCORR,3.29
1052,2023-07-21,PRECTOTCORR,3.4
1053,2023-07-22,PRECTOTCORR,23.98
1054,2023-07-23,PRECTOTCORR,6.82
1055,2023-07-24,PRECTOTCORR,19.48
1056,2023-07-25,PRECTOTCORR,0.34
1057,2023-07-26,PRECTOTCORR,2.05
1058,2023-07-27,PRECTOTCORR,3.51
1059,2023-07-28,PRECTOTCORR,12.68
1060,2023-07-29,PRECTOTCORR,3.58
1061,2023-07-30,PRECTOTCORR,0.14
1062,2023-07-31,PRECTOTCORR,0.58
1063,2023-08-01,PRECTOTCORR,0.15
1064,2023-08-02,PRECTOTCORR,0.14
1065,2023-08-03,PRECTOTCORR,0.06
1066,2023-08-04,PRECTOTCORR,0.19
1067,2023-08-05,PRECTOTCORR,0.88
1068,2023-08-06,PRECTOTCORR,2.2
1069,2023-08-07,PRECTOTCORR,0.33
1070,2023-08-08,PRECTOTCORR,1.01
1071,2023-08-09,PRECTOTCORR,0.97
1072,2023-08-10,PRECTOTCORR,2.4
1073,2023-08-11,PRECTOTCORR,2.46
1074,2023-08-12,PRECTOTCORR,0.96
1075,2023-08-13,PRECTOTCORR,7.99
1076,2023-08-14,PRECTOTCORR,0.37
1077,2023-08-15,PRECTOTCORR,0.04
1078,2023-08-16,PRECTOTCORR,1.92
1079,2023-08-17,PRECTOTCORR,11.44
1080,2023-08-18,PRECTOTCORR,5.82
1081,2023-08-19,PRECTOTCORR,10.96
1082,2023-08-20,PRECTOTCORR,1.23
1083,2023-08-21,PRECTOTCORR,0.65
1084,2023-08-22,PRECTOTCORR,1.25
1085,2023-08-23,PRECTOTCORR,16.83
1086,2023-08-24,PRECTOTCORR,5.86
1087,2023-08-25,PRECTOTCORR,0.02
1088,2023-08-26,PRECTOTCORR,1.27
1089,2023-08-27,PRECTOTCORR,7.0
1090,2023-08-28,PRECTOTCORR,2.39
1091,2023-08-29,PRECTOTCORR,4.15
1092,2023-08-30,PRECTOTCORR,1.58
1093,2023-08-31,PRECTOTCORR,1.12
1094,2023-09-01,PRECTOTCORR,3.99
1095,2023-09-02,PRECTOTCORR,7.71
1096,2023-09-03,PRECTOTCORR,5.94
1097,2023-09-04,PRECTOTCORR,5.02
1098,2023-09-05,PRECTOTCORR,1.95
1099,2023-09-06,PRECTOTCORR,1.63
1100,2023-09-07,PRECTOTCORR,3.37
1101,2023-09-08,PRECTOTCORR,26.79
1102,2023-09-09,PRECTOTCORR,1.86
1103,2023-09-10,PRECTOTCORR,1.51
1104,2023-09-11,PRECTOTCORR,0.57
1105,2023-09-12,PRECTOTCORR,4.39
1106,2023-09-13,PRECTOTCORR,2.28
1107,2023-09-14,PRECTOTCORR,2.34
1108,2023-09-15,PRECTOTCORR,3.62
1109,2023-09-16,PRECTOTCORR,2.74
1110,2023-09-17,PRECTOTCORR,2.56
1111,2023-09-18,PRECTOTCORR,1.64
1112,2023-09-19,PRECTOTCORR,4.07
1113,2023-09-20,PRECTOTCORR,0.1
1114,2023-09-21,PRECTOTCORR,2.17
1115,2023-09-22,PRECTOTCORR,17.55
1116,2023-09-23,PRECTOTCORR,4.57
1117,2023-09-24,PRECTOTCORR,0.67
1118,2023-09-25,PRECTOTCORR,0.14
1119,2023-09-26,PRECTOTCORR,0.35
1120,2023-09-27,PRECTOTCORR,0.49
1121,2023-09-28,PRECTOTCORR,7.54
1122,2023-09-29,PRECTOTCORR,6.96
1123,2023-09-30,PRECTOTCORR,1.11
1124,2023-10-01,PRECTOTCORR,4.62
1125,2023-10-02,PRECTOTCORR,7.13
1126,2023-10-03,PRECTOTCORR,0.29
1127,2023-10-04,PRECTOTCORR,1.91
1128,2023-10-05,PRECTOTCORR,0.96
1129,2023-10-06,PRECTOTCORR,0.24
1130,2023-10-07,PRECTOTCORR,1.3
1131,2023-10-08,PRECTOTCORR,1.56
1132,2023-10-09,PRECTOTCORR,3.6
1133,2023-10-10,PRECTOTCORR,8.02
1134,2023-10-11,PRECTOTCORR,2.65
1135,2023-10-12,PRECTOTCORR,1.12
1136,2023-10-13,PRECTOTCORR,5.83
1137,2023-10-14,PRECTOTCORR,39.51
1138,2023-10-15,PRECTOTCORR,45.47
1139,2023-10-16,PRECTOTCORR,34.24
1140,2023-10-17,PRECTOTCORR,19.27
1141,2023-10-18,PRECTOTCORR,0.65
1142,2023-10-19,PRECTOTCORR,2.86
1143,2023-10-20,PRECTOTCORR,0.71
1144,2023-10-21,PRECTOTCORR,0.31
1145,2023-10-22,PRECTOTCORR,1.75
1146,2023-10-23,PRECTOTCORR,7.68
1147,2023-10-24,PRECTOTCORR,6.56
1148,2023-10-25,PRECTOTCORR,0.53
1149,2023-10-26,PRECTOTCORR,0.2
1150,2023-10-27,PRECTOTCORR,0.9
1151,2023-10-28,PRECTOTCORR,0.58
1152,2023-10-29,PRECTOTCORR,0.52
1153,2023-10-30,PRECTOTCORR,0.99
1154,2023-10-31,PRECTOTCORR,8.82
1155,2023-11-01,PRECTOTCORR,2.45
1156,2023-11-02,PRECTOTCORR,0.23
1157,2023-11-03,PRECTOTCORR,1.39
1158,2023-11-04,PRECTOTCORR,1.2
1159,2023-11-05,PRECTOTCORR,1.89
1160,2023-11-06,PRECTOTCORR,9.27
1161,2023-11-07,PRECTOTCORR,0.33
1162,2023-11-08,PRECTOTCORR,0.19
1163,2023-11-09,PRECTOTCORR,0.11
1164,2023-11-10,PRECTOTCORR,0.2
1165,2023-11-11,PRECTOTCORR,0.2
1166,2023-11-12,PRECTOTCORR,0.14
1167,2023-11-13,PRECTOTCORR,0.82
1168,2023-11-14,PRECTOTCORR,2.85
1169,2023-11-15,PRECTOTCORR,6.81
1170,2023-11-16,PRECTOTCORR,0.04
1171,2023-11-17,PRECTOTCORR,1.4
1172,2023-11-18,PRECTOTCORR,0.52
1173,2023-11-19,PRECTOTCORR,0.01
1174,2023-11-20,PRECTOTCORR,0.0
1175,2023-11-21,PRECTOTCORR,0.0
1176,2023-11-22,PRECTOTCORR,0.12
1177,2023-11-23,PRECTOTCORR,0.13
1178,2023-11-24,PRECTOTCORR,0.17
1179,2023-11-25,PRECTOTCORR,1.23
1180,2023-11-26,PRECTOTCORR,8.39
1181,2023-11-27,PRECTOTCORR,0.23
1182,2023-11-28,PRECTOTCORR,0.72
1183,2023-11-29,PRECTOTCORR,0.68
1184,2023-11-30,PRECTOTCORR,0.53
1185,2023-12-01,PRECTOTCORR,0.3
1186,2023-12-02,PRECTOTCORR,0.01
1187,2023-12-03,PRECTOTCORR,0.01
1188,2023-12-04,PRECTOTCORR,0.0
1189,2023-12-05,PRECTOTCORR,0.01
1190,2023-12-06,PRECTOTCORR,0.02
1191,2023-12-07,PRECTOTCORR,0.05
1192,2023-12-08,PRECTOTCORR,0.02
1193,2023-12-09,PRECTOTCORR,0.0
1194,2023-12-10,PRECTOTCORR,0.0
1195,2023-12-11,PRECTOTCORR,0.0
1196,2023-12-12,PRECTOTCORR,0.02
1197,2023-12-13,PRECTOTCORR,0.01
1198,2023-12-14,PRECTOTCORR,0.0
1199,2023-12-15,PRECTOTCORR,0.0
1200,2023-12-16,PRECTOTCORR,0.16
1201,2023-12-17,PRECTOTCORR,0.0
1202,2023-12-18,PRECTOTCORR,0.0
1203,2023-12-19,PRECTOTCORR,0.0
1204,2023-12-20,PRECTOTCORR,0.0
1205,2023-12-21,PRECTOTCORR,0.0
1206,2023-12-22,PRECTOTCORR,0.01
1207,2023-12-23,PRECTOTCORR,0.0
1208,2023-12-24,PRECTOTCORR,0.0
1209,2023-12-25,PRECTOTCORR,0.0
1210,2023-12-26,PRECTOTCORR,0.0
1211,2023-12-27,PRECTOTCORR,0.0
1212,2023-12-28,PRECTOTCORR,0.0
1213,2023-12-29,PRECTOTCORR,0.0
1214,2023-12-30,PRECTOTCORR,0.0
1215,2023-12-31,PRECTOTCORR,0.0
1216,2024-01-01,PRECTOTCORR,0.0
1217,2024-01-02,PRECTOTCORR,0.0
1218,2024-01-03,PRECTOTCORR,0.0
1219,2024-01-04,PRECTOTCORR,0.0
1220,2024-01-05,PRECTOTCORR,0.0
1221,2024-01-06,PRECTOTCORR,0.01
1222,2024-01-07,PRECTOTCORR,0.0
1223,2024-01-08,PRECTOTCORR,0.01
1224,2024-01-09,PRECTOTCORR,0.0
1225,2024-01-10,PRECTOTCORR,0.02
1226,2024-01-11,PRECTOTCORR,0.0
1227,2024-01-12,PRECTOTCORR,0.0
1228,2024-01-13,PRECTOTCORR,0.0
1229,2024-01-14,PRECTOTCORR,0.0
1230,2024-01-15,PRECTOTCORR,0.0
1231,2024-01-16,PRECTOTCORR,0.0
1232,2024-01-17,PRECTOTCORR,0.0
1233,2024-01-18,PRECTOTCORR,0.0
1234,2024-01-19,PRECTOTCORR,0.0
1235,2024-01-20,PRECTOTCORR,0.0
1236,2024-01-21,PRECTOTCORR,0.0
1237,2024-01-22,PRECTOTCORR,0.0
1238,2024-01-23,PRECTOTCORR,0.02
1239,2024-01-24,PRECTOTCORR,0.0
1240,2024-01-25,PRECTOTCORR,0.0
1241,2024-01-26,PRECTOTCORR,0.0
1242,2024-01-27,PRECTOTCORR,0.0
1243,2024-01-28,PRECTOTCORR,0.0
1244,2024-01-29,PRECTOTCORR,0.0
1245,2024-01-30,PRECTOTCORR,0.0
1246,2024-01-31,PRECTOTCORR,0.0
1247,2024-02-01,PRECTOTCORR,0.0
1248,2024-02-02,PRECTOTCORR,0.0
1249,2024-02-03,PRECTOTCORR,0.0
1250,2024-02-04,PRECTOTCORR,0.0
1251,2024-02-05,PRECTOTCORR,0.0
1252,2024-02-06,PRECTOTCORR,0.0
1253,2024-02-07,PRECTOTCORR,0.0
1254,2024-02-08,PRECTOTCORR,0.0
1255,2024-02-09,PRECTOTCORR,0.0
1256,2024-02-10,PRECTOTCORR,0.0
1257,2024-02-11,PRECTOTCORR,0.0
1258,2024-02-12,PRECTOTCORR,0.0
1259,2024-02-13,PRECTOTCORR,0.0
1260,2024-02-14,PRECTOTCORR,0.0
1261,2024-02-15,PRECTOTCORR,0.0
1262,2024-02-16,PRECTOTCORR,0.0
1263,2024-02-17,PRECTOTCORR,0.0
1264,2024-02-18,PRECTOTCORR,0.01
1265,2024-02-19,PRECTOTCORR,0.03
1266,2024-02-20,PRECTOTCORR,0.25
1267,2024-02-21,PRECTOTCORR,0.77
1268,2024-02-22,PRECTOTCORR,0.53
1269,2024-02-23,PRECTOTCORR,0.04
1270,2024-02-24,PRECTOTCORR,0.0
1271,2024-02-25,PRECTOTCORR,0.0
1272,2024-02-26,PRECTOTCORR,0.09
1273,2024-02-27,PRECTOTCORR,0.3
1274,2024-02-28,PRECTOTCORR,0.4
1275,2024-02-29,PRECTOTCORR,0.89
1276,2024-03-01,PRECTOTCORR,0.33
1277,2024-03-02,PRECTOTCORR,4.73
1278,2024-03-03,PRECTOTCORR,3.0
1279,2024-03-04,PRECTOTCORR,0.93
1280,2024-03-05,PRECTOTCORR,1.0
1281,2024-03-06,PRECTOTCORR,2.74
1282,2024-03-07,PRECTOTCORR,0.05
1283,2024-03-08,PRECTOTCORR,0.26
1284,2024-03-09,PRECTOTCORR,0.28
1285,2024-03-10,PRECTOTCORR,0.02
1286,2024-03-11,PRECTOTCORR,0.49
1287,2024-03-12,PRECTOTCORR,1.28
1288,2024-03-13,PRECTOTCORR,0.76
1289,2024-03-14,PRECTOTCORR,0.88
1290,2024-03-15,PRECTOTCORR,0.29
1291,2024-03-16,PRECTOTCORR,0.39
1292,2024-03-17,PRECTOTCORR,0.0
1293,2024-03-18,PRECTOTCORR,0.0
1294,2024-03-19,PRECTOTCORR,0.0
1295,2024-03-20,PRECTOTCORR,0.0
1296,2024-03-21,PRECTOTCORR,0.0
1297,2024-03-22,PRECTOTCORR,0.44
1298,2024-03-23,PRECTOTCORR,0.16
1299,2024-03-24,PRECTOTCORR,0.0
1300,2024-03-25,PRECTOTCORR,1.67
1301,2024-03-26,PRECTOTCORR,0.61
1302,2024-03-27,PRECTOTCORR,0.73
1303,2024-03-28,PRECTOTCORR,1.1
1304,2024-03-29,PRECTOTCORR,1.69
1305,2024-03-30,PRECTOTCORR,1.64
1306,2024-03-31,PRECTOTCORR,0.83
1307,2024-04-01,PRECTOTCORR,0.3
1308,2024-04-02,PRECTOTCORR,0.67
1309,2024-04-03,PRECTOTCORR,0.43
1310,2024-04-04,PRECTOTCORR,0.91
1311,2024-04-05,PRECTOTCORR,1.47
1312,2024-04-06,PRECTOTCORR,0.92
1313,2024-04-07,PRECTOTCORR,0.89
1314,2024-04-08,PRECTOTCORR,8.1
1315,2024-04-09,PRECTOTCORR,13.31
1316,2024-04-10,PRECTOTCORR,0.88
1317,2024-04-11,PRECTOTCORR,1.11
1318,2024-04-12,PRECTOTCORR,1.04
1319,2024-04-13,PRECTOTCORR,4.48
1320,2024-04-14,PRECTOTCORR,4.19
1321,2024-04-15,PRECTOTCORR,0.97
1322,2024-04-16,PRECTOTCORR,5.21
1323,2024-04-17,PRECTOTCORR,0.11
1324,2024-04-18,PRECTOTCORR,0.24
1325,2024-04-19,PRECTOTCORR,0.37
1326,2024-04-20,PRECTOTCORR,0.27
1327,2024-04-21,PRECTOTCORR,1.34
1328,2024-04-22,PRECTOTCORR,1.68
1329,2024-04-23,PRECTOTCORR,3.82
1330,2024-04-24,PRECTOTCORR,2.81
1331,2024-04-25,PRECTOTCORR,5.6
1332,2024-04-26,PRECTOTCORR,16.85
1333,2024-04-27,PRECTOTCORR,6.3
1334,2024-04-28,PRECTOTCORR,7.05
1335,2024-04-29,PRECTOTCORR,18.51
1336,2024-04-30,PRECTOTCORR,31.11
1337,2024-05-01,PRECTOTCORR,3.57
1338,2024-05-02,PRECTOTCORR,3.89
1339,2024-05-03,PRECTOTCORR,2.4
1340,2024-05-04,PRECTOTCORR,2.65
1341,2024-05-05,PRECTOTCORR,23.64
1342,2024-05-06,PRECTOTCORR,0.9
1343,2024-05-07,PRECTOTCORR,0.65
1344,2024-05-08,PRECTOTCORR,0.19
1345,2024-05-09,PRECTOTCORR,0.44
1346,2024-05-10,PRECTOTCORR,0.61
1347,2024-05-11,PRECTOTCORR,1.09
1348,2024-05-12,PRECTOTCORR,3.36
1349,2024-05-13,PRECTOTCORR,1.66
1350,2024-05-14,PRECTOTCORR,1.7
1351,2024-05-15,PRECTOTCORR,0.47
1352,2024-05-16,PRECTOTCORR,6.09
1353,2024-05-17,PRECTOTCORR,12.82
1354,2024-05-18,PRECTOTCORR,3.16
1355,2024-05-19,PRECTOTCORR,0.72
1356,2024-05-20,PRECTOTCORR,1.1
1357,2024-05-21,PRECTOTCORR,1.57
1358,2024-05-22,PRECTOTCORR,2.12
1359,2024-05-23,PRECTOTCORR,1.32
1360,2024-05-24,PRECTOTCORR,6.73
1361,2024-05-25,PRECTOTCORR,6.75
1362,2024-05-26,PRECTOTCORR,0.23
1363,2024-05-27,PRECTOTCORR,3.49
1364,2024-05-28,PRECTOTCORR,3.05
1365,2024-05-29,PRECTOTCORR,1.03
1366,2024-05-30,PRECTOTCORR,1.86
1367,2024-05-31,PRECTOTCORR,1.24
1368,2024-06-01,PRECTOTCORR,5.37
1369,2024-06-02,PRECTOTCORR,15.69
1370,2024-06-03,PRECTOTCORR,1.91
1371,2024-06-04,PRECTOTCORR,4.56
1372,2024-06-05,PRECTOTCORR,1.92
1373,2024-06-06,PRECTOTCORR,1.14
1374,2024-06-07,PRECTOTCORR,2.56
1375,2024-06-08,PRECTOTCORR,8.83
1376,2024-06-09,PRECTOTCORR,1.94
1377,2024-06-10,PRECTOTCORR,1.49
1378,2024-06-11,PRECTOTCORR,3.18
1379,2024-06-12,PRECTOTCORR,0.88
1380,2024-06-13,PRECTOTCORR,1.07
1381,2024-06-14,PRECTOTCORR,2.3
1382,2024-06-15,PRECTOTCORR,2.57
1383,2024-06-16,PRECTOTCORR,2.38
1384,2024-06-17,PRECTOTCORR,0.37
1385,2024-06-18,PRECTOTCORR,0.58
1386,2024-06-19,PRECTOTCORR,1.4
1387,2024-06-20,PRECTOTCORR,100.58
1388,2024-06-21,PRECTOTCORR,246.62
1389,2024-06-22,PRECTOTCORR,22.08
1390,2024-06-23,PRECTOTCORR,6.21
1391,2024-06-24,PRECTOTCORR,13.68
1392,2024-06-25,PRECTOTCORR,12.3
1393,2024-06-26,PRECTOTCORR,1.46
1394,2024-06-27,PRECTOTCORR,2.35
1395,2024-06-28,PRECTOTCORR,12.77
1396,2024-06-29,PRECTOTCORR,4.21
1397,2024-06-30,PRECTOTCORR,5.37
1398,2024-07-01,PRECTOTCORR,10.2
1399,2024-07-02,PRECTOTCORR,12.12
1400,2024-07-03,PRECTOTCORR,7.34
1401,2024-07-04,PRECTOTCORR,5.61
1402,2024-07-05,PRECTOTCORR,2.89
1403,2024-07-06,PRECTOTCORR,6.69
1404,2024-07-07,PRECTOTCORR,2.25
1405,2024-07-08,PRECTOTCORR,8.49
1406,2024-07-09,PRECTOTCORR,12.21
1407,2024-07-10,PRECTOTCORR,5.64
1408,2024-07-11,PRECTOTCORR,6.27
1409,2024-07-12,PRECTOTCORR,0.66
1410,2024-07-13,PRECTOTCORR,0.77
1411,2024-07-14,PRECTOTCORR,0.59
1412,2024-07-15,PRECTOTCORR,16.09
1413,2024-07-16,PRECTOTCORR,7.46
1414,2024-07-17,PRECTOTCORR,7.22
1415,2024-07-18,PRECTOTCORR,20.27
1416,2024-07-19,PRECTOTCORR,28.11
1417,2024-07-20,PRECTOTCORR,1.35
1418,2024-07-21,PRECTOTCORR,0.58
1419,2024-07-22,PRECTOTCORR,0.51
1420,2024-07-23,PRECTOTCORR,0.39
1421,2024-07-24,PRECTOTCORR,0.65
1422,2024-07-25,PRECTOTCORR,3.26
1423,2024-07-26,PRECTOTCORR,1.59
1424,2024-07-27,PRECTOTCORR,1.16
1425,2024-07-28,PRECTOTCORR,16.58
1426,2024-07-29,PRECTOTCORR,3.81
1427,2024-07-30,PRECTOTCORR,2.48
1428,2024-07-31,PRECTOTCORR,1.8
1429,2024-08-01,PRECTOTCORR,2.57
1430,2024-08-02,PRECTOTCORR,0.5
1431,2024-08-03,PRECTOTCORR,0.14
1432,2024-08-04,PRECTOTCORR,0.69
1433,2024-08-05,PRECTOTCORR,0.86
1434,2024-08-06,PRECTOTCORR,0.79
1435,2024-08-07,PRECTOTCORR,1.21
1436,2024-08-08,PRECTOTCORR,0.6
1437,2024-08-09,PRECTOTCORR,2.04
1438,2024-08-10,PRECTOTCORR,5.14
1439,2024-08-11,PRECTOTCORR,4.28
1440,2024-08-12,PRECTOTCORR,6.18
1441,2024-08-13,PRECTOTCORR,1.99
1442,2024-08-14,PRECTOTCORR,1.7
1443,2024-08-15,PRECTOTCORR,2.56
1444,2024-08-16,PRECTOTCORR,1.98
1445,2024-08-17,PRECTOTCORR,2.41
1446,2024-08-18,PRECTOTCORR,2.52
1447,2024-08-19,PRECTOTCORR,25.34
1448,2024-08-20,PRECTOTCORR,1.18
1449,2024-08-21,PRECTOTCORR,0.61
1450,2024-08-22,PRECTOTCORR,6.11
1451,2024-08-23,PRECTOTCORR,15.17
1452,2024-08-24,PRECTOTCORR,2.89
1453,2024-08-25,PRECTOTCORR,1.99
1454,2024-08-26,PRECTOTCORR,2.92
1455,2024-08-27,PRECTOTCORR,1.02
1456,2024-08-28,PRECTOTCORR,0.68
1457,2024-08-29,PRECTOTCORR,0.91
1458,2024-08-30,PRECTOTCORR,0.74
1459,2024-08-31,PRECTOTCORR,0.24
1460,2024-09-01,PRECTOTCORR,0.14
1461,2024-09-02,PRECTOTCORR,0.28
1462,2024-09-03,PRECTOTCORR,0.46
1463,2024-09-04,PRECTOTCORR,0.53
1464,2024-09-05,PRECTOTCORR,1.04
1465,2024-09-06,PRECTOTCORR,2.81
1466,2024-09-07,PRECTOTCORR,0.37
1467,2024-09-08,PRECTOTCORR,0.15
1468,2024-09-09,PRECTOTCORR,4.86
1469,2024-09-10,PRECTOTCORR,6.79
1470,2024-09-11,PRECTOTCORR,0.69
1471,2024-09-12,PRECTOTCORR,0.97
1472,2024-09-13,PRECTOTCORR,1.28
1473,2024-09-14,PRECTOTCORR,3.06
1474,2024-09-15,PRECTOTCORR,1.82
1475,2024-09-16,PRECTOTCORR,0.15
1476,2024-09-17,PRECTOTCORR,0.46
1477,2024-09-18,PRECTOTCORR,0.49
1478,2024-09-19,PRECTOTCORR,2.25
1479,2024-09-20,PRECTOTCORR,3.96
1480,2024-09-21,PRECTOTCORR,2.67
1481,2024-09-22,PRECTOTCORR,0.95
1482,2024-09-23,PRECTOTCORR,3.37
1483,2024-09-24,PRECTOTCORR,5.4
1484,2024-09-25,PRECTOTCORR,5.81
1485,2024-09-26,PRECTOTCORR,0.34
1486,2024-09-27,PRECTOTCORR,6.13
1487,2024-09-28,PRECTOTCORR,8.48
1488,2024-09-29,PRECTOTCORR,0.64
1489,2024-09-30,PRECTOTCORR,2.27
1490,2024-10-01,PRECTOTCORR,3.58
1491,2024-10-02,PRECTOTCORR,1.97
1492,2024-10-03,PRECTOTCORR,2.88
1493,2024-10-04,PRECTOTCORR,9.36
1494,2024-10-05,PRECTOTCORR,3.84
1495,2024-10-06,PRECTOTCORR,29.32
1496,2024-10-07,PRECTOTCORR,23.3
1497,2024-10-08,PRECTOTCORR,32.6
1498,2024-10-09,PRECTOTCORR,6.23
1499,2024-10-10,PRECTOTCORR,0.75
1500,2024-10-11,PRECTOTCORR,0.2
1501,2024-10-12,PRECTOTCORR,4.69
1502,2024-10-13,PRECTOTCORR,6.8
1503,2024-10-14,PRECTOTCORR,1.77
1504,2024-10-15,PRECTOTCORR,1.58
1505,2024-10-16,PRECTOTCORR,11.42
1506,2024-10-17,PRECTOTCORR,4.64
1507,2024-10-18,PRECTOTCORR,0.72
1508,2024-10-19,PRECTOTCORR,0.23
1509,2024-10-20,PRECTOTCORR,3.36
1510,2024-10-21,PRECTOTCORR,0.27
1511,2024-10-22,PRECTOTCORR,0.38
1512,2024-10-23,PRECTOTCORR,0.43
1513,2024-10-24,PRECTOTCORR,1.09
1514,2024-10-25,PRECTOTCORR,0.72
1515,2024-10-26,PRECTOTCORR,0.22
1516,2024-10-27,PRECTOTCORR,0.08
1517,2024-10-28,PRECTOTCORR,0.92
1518,2024-10-29,PRECTOTCORR,3.66
1519,2024-10-30,PRECTOTCORR,0.29
1520,2024-10-31,PRECTOTCORR,0.11
1521,2024-11-01,PRECTOTCORR,0.24
1522,2024-11-02,PRECTOTCORR,0.09
1523,2024-11-03,PRECTOTCORR,0.06
1524,2024-11-04,PRECTOTCORR,0.01
1525,2024-11-05,PRECTOTCORR,0.0
1526,2024-11-06,PRECTOTCORR,0.42
1527,2024-11-07,PRECTOTCORR,0.12
1528,2024-11-08,PRECTOTCORR,0.01
1529,2024-11-09,PRECTOTCORR,0.02
1530,2024-11-10,PRECTOTCORR,0.01
1531,2024-11-11,PRECTOTCORR,0.0
1532,2024-11-12,PRECTOTCORR,0.03
1533,2024-11-13,PRECTOTCORR,0.04
1534,2024-11-14,PRECTOTCORR,0.0
1535,2024-11-15,PRECTOTCORR,0.01
1536,2024-11-16,PRECTOTCORR,0.0
1537,2024-11-17,PRECTOTCORR,0.0
1538,2024-11-18,PRECTOTCORR,0.0
1539,2024-11-19,PRECTOTCORR,0.0
1540,2024-11-20,PRECTOTCORR,0.01
1541,2024-11-21,PRECTOTCORR,0.0
1542,2024-11-22,PRECTOTCORR,0.04
1543,2024-11-23,PRECTOTCORR,0.03
1544,2024-11-24,PRECTOTCORR,0.0
1545,2024-11-25,PRECTOTCORR,0.0
1546,2024-11-26,PRECTOTCORR,0.0
1547,2024-11-27,PRECTOTCORR,0.0
1548,2024-11-28,PRECTOTCORR,0.0
1549,2024-11-29,PRECTOTCORR,0.0
1550,2024-11-30,PRECTOTCORR,0.0
1551,2024-12-01,PRECTOTCORR,0.0
1552,2024-12-02,PRECTOTCORR,0.0
1553,2024-12-03,PRECTOTCORR,0.01
1554,2024-12-04,PRECTOTCORR,0.0
1555,2024-12-05,PRECTOTCORR,0.0
1556,2024-12-06,PRECTOTCORR,0.0
1557,2024-12-07,PRECTOTCORR,0.01
1558,2024-12-08,PRECTOTCORR,0.0
1559,2024-12-09,PRECTOTCORR,0.0
1560,2024-12-10,PRECTOTCORR,0.0
1561,2024-12-11,PRECTOTCORR,0.0
1562,2024-12-12,PRECTOTCORR,0.0
1563,2024-12-13,PRECTOTCORR,0.0
1564,2024-12-14,PRECTOTCORR,0.0
1565,2024-12-15,PRECTOTCORR,0.0
1566,2024-12-16,PRECTOTCORR,0.0
1567,2024-12-17,PRECTOTCORR,0.0
1568,2024-12-18,PRECTOTCORR,0.0
1569,2024-12-19,PRECTOTCORR,0.0
1570,2024-12-20,PRECTOTCORR,0.0
1571,2024-12-21,PRECTOTCORR,0.0
1572,2024-12-22,PRECTOTCORR,0.0
1573,2024-12-23,PRECTOTCORR,0.0
1574,2024-12-24,PRECTOTCORR,0.0
1575,2024-12-25,PRECTOTCORR,0.0
1576,2024-12-26,PRECTOTCORR,0.0
1577,2024-12-27,PRECTOTCORR,0.0
1578,2024-12-28,PRECTOTCORR,0.01
1579,2024-12-29,PRECTOTCORR,0.0
1580,2024-12-30,PRECTOTCORR,0.0
1581,2024-12-31,PRECTOTCORR,0.0
1582,2025-01-01,PRECTOTCORR,0.0
1583,2025-01-02,PRECTOTCORR,0.0
1584,2025-01-03,PRECTOTCORR,0.0
1585,2025-01-04,PRECTOTCORR,0.0
1586,2025-01-05,PRECTOTCORR,0.0
1587,2025-01-06,PRECTOTCORR,0.0
1588,2025-01-07,PRECTOTCORR,0.0
1589,2025-01-08,PRECTOTCORR,0.0
1590,2025-01-09,PRECTOTCORR,0.0
1591,2025-01-10,PRECTOTCORR,0.0
1592,2025-01-11,PRECTOTCORR,0.0
1593,2025-01-12,PRECTOTCORR,0.0
1594,2025-01-13,PRECTOTCORR,0.0
1595,2025-01-14,PRECTOTCORR,0.0
1596,2025-01-15,PRECTOTCORR,0.0
1597,2025-01-16,PRECTOTCORR,0.0
1598,2025-01-17,PRECTOTCORR,0.08
1599,2025-01-18,PRECTOTCORR,1.3
1600,2025-01-19,PRECTOTCORR,0.25
1601,2025-01-20,PRECTOTCORR,0.44
1602,2025-01-21,PRECTOTCORR,0.13
1603,2025-01-22,PRECTOTCORR,0.07
1604,2025-01-23,PRECTOTCORR,0.01
1605,2025-01-24,PRECTOTCORR,0.01
1606,2025-01-25,PRECTOTCORR,0.01
1607,2025-01-26,PRECTOTCORR,0.0
1608,2025-01-27,PRECTOTCORR,0.0
1609,2025-01-28,PRECTOTCORR,0.0
1610,2025-01-29,PRECTOTCORR,0.0
1611,2025-01-30,PRECTOTCORR,0.0
1612,2025-01-31,PRECTOTCORR,0.0
1613,2025-02-01,PRECTOTCORR,0.0
1614,2025-02-02,PRECTOTCORR,0.0
1615,2025-02-03,PRECTOTCORR,0.0
1616,2025-02-04,PRECTOTCORR,0.0
1617,2025-02-05,PRECTOTCORR,0.0
1618,2025-02-06,PRECTOTCORR,0.0
1619,2025-02-07,PRECTOTCORR,0.0
1620,2025-02-08,PRECTOTCORR,0.0
1621,2025-02-09,PRECTOTCORR,0.0
1622,2025-02-10,PRECTOTCORR,0.0
1623,2025-02-11,PRECTOTCORR,0.03
1624,2025-02-12,PRECTOTCORR,0.0
1625,2025-02-13,PRECTOTCORR,0.0
1626,2025-02-14,PRECTOTCORR,0.0
1627,2025-02-15,PRECTOTCORR,0.0
1628,2025-02-16,PRECTOTCORR,0.0
1629,2025-02-17,PRECTOTCORR,0.0
1630,2025-02-18,PRECTOTCORR,0.0
1631,2025-02-19,PRECTOTCORR,0.0
1632,2025-02-20,PRECTOTCORR,0.41
1633,2025-02-21,PRECTOTCORR,0.42
1634,2025-02-22,PRECTOTCORR,0.5
1635,2025-02-23,PRECTOTCORR,0.47
1636,2025-02-24,PRECTOTCORR,0.21
1637,2025-02-25,PRECTOTCORR,1.52
1638,2025-02-26,PRECTOTCORR,1.87
1639,2025-02-27,PRECTOTCORR,1.12
1640,2025-02-28,PRECTOTCORR,0.11
1641,2025-03-01,PRECTOTCORR,0.98
1642,2025-03-02,PRECTOTCORR,0.12
1643,2025-03-03,PRECTOTCORR,0.06
1644,2025-03-04,PRECTOTCORR,0.25
1645,2025-03-05,PRECTOTCORR,0.51
1646,2025-03-06,PRECTOTCORR,0.17
1647,2025-03-07,PRECTOTCORR,0.04
1648,2025-03-08,PRECTOTCORR,0.05
1649,2025-03-09,PRECTOTCORR,0.08
1650,2025-03-10,PRECTOTCORR,0.22
1651,2025-03-11,PRECTOTCORR,0.22
1652,2025-03-12,PRECTOTCORR,1.51
1653,2025-03-13,PRECTOTCORR,0.78
1654,2025-03-14,PRECTOTCORR,0.39
1655,2025-03-15,PRECTOTCORR,0.67
1656,2025-03-16,PRECTOTCORR,0.62
1657,2025-03-17,PRECTOTCORR,0.35
1658,2025-03-18,PRECTOTCORR,0.53
1659,2025-03-19,PRECTOTCORR,0.27
1660,2025-03-20,PRECTOTCORR,0.64
1661,2025-03-21,PRECTOTCORR,0.17
1662,2025-03-22,PRECTOTCORR,0.49
1663,2025-03-23,PRECTOTCORR,0.74
1664,2025-03-24,PRECTOTCORR,0.35
1665,2025-03-25,PRECTOTCORR,0.81
1666,2025-03-26,PRECTOTCORR,0.88
1667,2025-03-27,PRECTOTCORR,0.15
1668,2025-03-28,PRECTOTCORR,0.47
1669,2025-03-29,PRECTOTCORR,0.34
1670,2025-03-30,PRECTOTCORR,0.33
1671,2025-03-31,PRECTOTCORR,0.35
1672,2025-04-01,PRECTOTCORR,3.4
1673,2025-04-02,PRECTOTCORR,56.56
1674,2025-04-03,PRECTOTCORR,1.76
1675,2025-04-04,PRECTOTCORR,0.92
1676,2025-04-05,PRECTOTCORR,2.22
1677,2025-04-06,PRECTOTCORR,2.14
1678,2025-04-07,PRECTOTCORR,3.67
1679,2025-04-08,PRECTOTCORR,5.22
1680,2025-04-09,PRECTOTCORR,8.62
1681,2025-04-10,PRECTOTCORR,32.2
1682,2025-04-11,PRECTOTCORR,3.32
1683,2025-04-12,PRECTOTCORR,1.6
1684,2025-04-13,PRECTOTCORR,2.79
1685,2025-04-14,PRECTOTCORR,3.06
1686,2025-04-15,PRECTOTCORR,6.11
1687,2025-04-16,PRECTOTCORR,7.1
1688,2025-04-17,PRECTOTCORR,3.94
1689,2025-04-18,PRECTOTCORR,1.81
1690,2025-04-19,PRECTOTCORR,2.9
1691,2025-04-20,PRECTOTCORR,2.71
1692,2025-04-21,PRECTOTCORR,3.22
1693,2025-04-22,PRECTOTCORR,9.02
1694,2025-04-23,PRECTOTCORR,9.66
1695,2025-04-24,PRECTOTCORR,2.42
1696,2025-04-25,PRECTOTCORR,3.99
1697,2025-04-26,PRECTOTCORR,5.25
1698,2025-04-27,PRECTOTCORR,5.31
1699,2025-04-28,PRECTOTCORR,2.58
1700,2025-04-29,PRECTOTCORR,3.9
1701,2025-04-30,PRECTOTCORR,4.29
1702,2023-01-01,RH2M,26.44
1703,2023-01-02,RH2M,26.61
1704,2023-01-03,RH2M,26.41
1705,2023-01-04,RH2M,25.73
1706,2023-01-05,RH2M,25.98
1707,2023-01-06,RH2M,25.54
1708,2023-01-07,RH2M,25.35
1709,2023-01-08,RH2M,25.24
1710,2023-01-09,RH2M,25.0
1711,2023-01-10,RH2M,25.49
1712,2023-01-11,RH2M,25.43
1713,2023-01-12,RH2M,24.96
1714,2023-01-13,RH2M,25.69
1715,2023-01-14,RH2M,25.03
1716,2023-01-15,RH2M,26.49
1717,2023-01-16,RH2M,26.0
1718,2023-01-17,RH2M,26.1
1719,2023-01-18,RH2M,26.44
1720,2023-01-19,RH2M,26.62
1721,2023-01-20,RH2M,26.77
1722,2023-01-21,RH2M,27.07
1723,2023-01-22,RH2M,26.94
1724,2023-01-23,RH2M,27.18
1725,2023-01-24,RH2M,27.62
1726,2023-01-25,RH2M,27.41
1727,2023-01-26,RH2M,27.63
1728,2023-01-27,RH2M,27.22
1729,2023-01-28,RH2M,26.56
1730,2023-01-29,RH2M,27.23
1731,2023-01-30,RH2M,25.8
1732,2023-01-31,RH2M,26.08
1733,2023-02-01,RH2M,26.3
1734,2023-02-02,RH2M,27.29
1735,2023-02-03,RH2M,28.05
1736,2023-02-04,RH2M,27.32
1737,2023-02-05,RH2M,27.82
1738,2023-02-06,RH2M,26.93
1739,2023-02-07,RH2M,27.69
1740,2023-02-08,RH2M,27.49
1741,2023-02-09,RH2M,27.82
1742,2023-02-10,RH2M,28.32
1743,2023-02-11,RH2M,27.94
1744,2023-02-12,RH2M,28.18
1745,2023-02-13,RH2M,26.99
1746,2023-02-14,RH2M,26.49
1747,2023-02-15,RH2M,27.27
1748,2023-02-16,RH2M,26.36
1749,2023-02-17,RH2M,27.06
1750,2023-02-18,RH2M,27.85
1751,2023-02-19,RH2M,26.85
1752,2023-02-20,RH2M,26.87
1753,2023-02-21,RH2M,27.23
1754,2023-02-22,RH2M,28.1
1755,2023-02-23,RH2M,28.32
1756,2023-02-24,RH2M,28.15
1757,2023-02-25,RH2M,28.62
1758,2023-02-26,RH2M,28.99
1759,2023-02-27,RH2M,27.69
1760,2023-02-28,RH2M,27.67
1761,2023-03-01,RH2M,27.85
1762,2023-03-02,RH2M,26.59
1763,2023-03-03,RH2M,27.13
1764,2023-03-04,RH2M,27.03
1765,2023-03-05,RH2M,28.06
1766,2023-03-06,RH2M,27.13
1767,2023-03-07,RH2M,27.75
1768,2023-03-08,RH2M,27.39
1769,2023-03-09,RH2M,27.23
1770,2023-03-10,RH2M,27.7
1771,2023-03-11,RH2M,27.28
1772,2023-03-12,RH2M,27.09
1773,2023-03-13,RH2M,27.4
1774,2023-03-14,RH2M,27.1
1775,2023-03-15,RH2M,26.66
1776,2023-03-16,RH2M,26.33
1777,2023-03-17,RH2M,27.99
1778,2023-03-18,RH2M,25.91
1779,2023-03-19,RH2M,26.23
1780,2023-03-20,RH2M,26.88
1781,2023-03-21,RH2M,25.85
1782,2023-03-22,RH2M,26.74
1783,2023-03-23,RH2M,26.42
1784,2023-03-24,RH2M,24.79
1785,2023-03-25,RH2M,26.67
1786,2023-03-26,RH2M,26.54
1787,2023-03-27,RH2M,26.63
1788,2023-03-28,RH2M,27.98
1789,2023-03-29,RH2M,27.3
1790,2023-03-30,RH2M,27.7
1791,2023-03-31,RH2M,26.74
1792,2023-04-01,RH2M,27.19
1793,2023-04-02,RH2M,27.27
1794,2023-04-03,RH2M,27.01
1795,2023-04-04,RH2M,26.77
1796,2023-04-05,RH2M,27.38
1797,2023-04-06,RH2M,27.43
1798,2023-04-07,RH2M,27.78
1799,2023-04-08,RH2M,27.5
1800,2023-04-09,RH2M,26.87
1801,2023-04-10,RH2M,27.45
1802,2023-04-11,RH2M,26.76
1803,2023-04-12,RH2M,27.33
1804,2023-04-13,RH2M,27.89
1805,2023-04-14,RH2M,27.57
1806,2023-04-15,RH2M,27.51
1807,2023-04-16,RH2M,27.13
1808,2023-04-17,RH2M,26.4
1809,2023-04-18,RH2M,27.83
1810,2023-04-19,RH2M,26.78
1811,2023-04-20,RH2M,27.68
1812,2023-04-21,RH2M,27.41
1813,2023-04-22,RH2M,27.4
1814,2023-04-23,RH2M,26.26
1815,2023-04-24,RH2M,28.62
1816,2023-04-25,RH2M,27.9
1817,2023-04-26,RH2M,27.9
1818,2023-04-27,RH2M,26.66
1819,2023-04-28,RH2M,27.49
1820,2023-04-29,RH2M,26.51
1821,2023-04-30,RH2M,26.6
1822,2023-05-01,RH2M,26.66
1823,2023-05-02,RH2M,27.06
1824,2023-05-03,RH2M,27.09
1825,2023-05-04,RH2M,27.06
1826,2023-05-05,RH2M,27.78
1827,2023-05-06,RH2M,26.5
1828,2023-05-07,RH2M,27.75
1829,2023-05-08,RH2M,27.97
1830,2023-05-09,RH2M,27.59
1831,2023-05-10,RH2M,27.75
1832,2023-05-11,RH2M,28.27
1833,2023-05-12,RH2M,27.51
1834,2023-05-13,RH2M,28.9
1835,2023-05-14,RH2M,28.17
1836,2023-05-15,RH2M,27.96
1837,2023-05-16,RH2M,28.21
1838,2023-05-17,RH2M,27.71
1839,2023-05-18,RH2M,27.21
1840,2023-05-19,RH2M,28.01
1841,2023-05-20,RH2M,27.49
1842,2023-05-21,RH2M,26.59
1843,2023-05-22,RH2M,27.06
1844,2023-05-23,RH2M,27.57
1845,2023-05-24,RH2M,28.11
1846,2023-05-25,RH2M,27.65
1847,2023-05-26,RH2M,28.09
1848,2023-05-27,RH2M,27.28
1849,2023-05-28,RH2M,25.68
1850,2023-05-29,RH2M,26.54
1851,2023-05-30,RH2M,27.43
1852,2023-05-31,RH2M,27.23
1853,2023-06-01,RH2M,26.9
1854,2023-06-02,RH2M,26.62
1855,2023-06-03,RH2M,26.81
1856,2023-06-04,RH2M,25.66
1857,2023-06-05,RH2M,26.26
1858,2023-06-06,RH2M,25.38
1859,2023-06-07,RH2M,25.08
1860,2023-06-08,RH2M,25.0
1861,2023-06-09,RH2M,25.89
1862,2023-06-10,RH2M,26.32
1863,2023-06-11,RH2M,25.38
1864,2023-06-12,RH2M,26.23
1865,2023-06-13,RH2M,25.51
1866,2023-06-14,RH2M,26.29
1867,2023-06-15,RH2M,25.73
1868,2023-06-16,RH2M,25.87
1869,2023-06-17,RH2M,26.58
1870,2023-06-18,RH2M,25.68
1871,2023-06-19,RH2M,25.39
1872,2023-06-20,RH2M,25.87
1873,2023-06-21,RH2M,25.32
1874,2023-06-22,RH2M,24.99
1875,2023-06-23,RH2M,25.46
1876,2023-06-24,RH2M,25.38
1877,2023-06-25,RH2M,25.64
1878,2023-06-26,RH2M,25.34
1879,2023-06-27,RH2M,24.35
1880,2023-06-28,RH2M,24.91
1881,2023-06-29,RH2M,25.28
1882,2023-06-30,RH2M,25.61
1883,2023-07-01,RH2M,25.73
1884,2023-07-02,RH2M,25.8
1885,2023-07-03,RH2M,26.96
1886,2023-07-04,RH2M,25.0
1887,2023-07-05,RH2M,25.83
1888,2023-07-06,RH2M,26.49
1889,2023-07-07,RH2M,25.19
1890,2023-07-08,RH2M,25.37
1891,2023-07-09,RH2M,25.72
1892,2023-07-10,RH2M,26.13
1893,2023-07-11,RH2M,25.23
1894,2023-07-12,RH2M,25.75
1895,2023-07-13,RH2M,25.18
1896,2023-07-14,RH2M,26.51
1897,2023-07-15,RH2M,27.49
1898,2023-07-16,RH2M,26.69
1899,2023-07-17,RH2M,27.21
1900,2023-07-18,RH2M,26.38
1901,2023-07-19,RH2M,25.53
1902,2023-07-20,RH2M,25.55
1903,2023-07-21,RH2M,25.63
1904,2023-07-22,RH2M,24.94
1905,2023-07-23,RH2M,25.95
1906,2023-07-24,RH2M,24.92
1907,2023-07-25,RH2M,26.15
1908,2023-07-26,RH2M,26.83
1909,2023-07-27,RH2M,25.66
1910,2023-07-28,RH2M,24.99
1911,2023-07-29,RH2M,25.16
1912,2023-07-30,RH2M,26.27
1913,2023-07-31,RH2M,25.53
1914,2023-08-01,RH2M,25.74
1915,2023-08-02,RH2M,25.84
1916,2023-08-03,RH2M,25.28
1917,2023-08-04,RH2M,25.87
1918,2023-08-05,RH2M,26.17
1919,2023-08-06,RH2M,25.26
1920,2023-08-07,RH2M,26.18
1921,2023-08-08,RH2M,25.72
1922,2023-08-09,RH2M,25.9
1923,2023-08-10,RH2M,24.8
1924,2023-08-11,RH2M,25.58
1925,2023-08-12,RH2M,25.96
1926,2023-08-13,RH2M,25.44
1927,2023-08-14,RH2M,25.32
1928,2023-08-15,RH2M,26.01
1929,2023-08-16,RH2M,26.28
1930,2023-08-17,RH2M,26.62
1931,2023-08-18,RH2M,26.47
1932,2023-08-19,RH2M,25.29
1933,2023-08-20,RH2M,25.97
1934,2023-08-21,RH2M,26.35
1935,2023-08-22,RH2M,26.27
1936,2023-08-23,RH2M,26.13
1937,2023-08-24,RH2M,25.69
1938,2023-08-25,RH2M,26.6
1939,2023-08-26,RH2M,26.76
1940,2023-08-27,RH2M,24.72
1941,2023-08-28,RH2M,25.98
1942,2023-08-29,RH2M,25.71
1943,2023-08-30,RH2M,25.76
1944,2023-08-31,RH2M,26.29
1945,2023-09-01,RH2M,26.01
1946,2023-09-02,RH2M,25.15
1947,2023-09-03,RH2M,26.02
1948,2023-09-04,RH2M,24.78
1949,2023-09-05,RH2M,25.55
1950,2023-09-06,RH2M,26.41
1951,2023-09-07,RH2M,27.35
1952,2023-09-08,RH2M,25.98
1953,2023-09-09,RH2M,25.69
1954,2023-09-10,RH2M,25.69
1955,2023-09-11,RH2M,26.31
1956,2023-09-12,RH2M,25.62
1957,2023-09-13,RH2M,25.86
1958,2023-09-14,RH2M,25.77
1959,2023-09-15,RH2M,25.73
1960,2023-09-16,RH2M,25.35
1961,2023-09-17,RH2M,25.7
1962,2023-09-18,RH2M,26.06
1963,2023-09-19,RH2M,24.58
1964,2023-09-20,RH2M,26.55
1965,2023-09-21,RH2M,26.48
1966,2023-09-22,RH2M,25.7
1967,2023-09-23,RH2M,24.57
1968,2023-09-24,RH2M,25.71
1969,2023-09-25,RH2M,25.91
1970,2023-09-26,RH2M,27.48
1971,2023-09-27,RH2M,27.03
1972,2023-09-28,RH2M,25.8
1973,2023-09-29,RH2M,25.95
1974,2023-09-30,RH2M,25.89
1975,2023-10-01,RH2M,26.37
1976,2023-10-02,RH2M,26.77
1977,2023-10-03,RH2M,25.74
1978,2023-10-04,RH2M,25.56
1979,2023-10-05,RH2M,26.94
1980,2023-10-06,RH2M,27.26
1981,2023-10-07,RH2M,26.0
1982,2023-10-08,RH2M,26.38
1983,2023-10-09,RH2M,27.36
1984,2023-10-10,RH2M,26.51
1985,2023-10-11,RH2M,26.37
1986,2023-10-12,RH2M,25.47
1987,2023-10-13,RH2M,26.8
1988,2023-10-14,RH2M,26.41
1989,2023-10-15,RH2M,25.12
1990,2023-10-16,RH2M,24.42
1991,2023-10-17,RH2M,25.95
1992,2023-10-18,RH2M,26.89
1993,2023-10-19,RH2M,27.0
1994,2023-10-20,RH2M,26.88
1995,2023-10-21,RH2M,27.03
1996,2023-10-22,RH2M,27.71
1997,2023-10-23,RH2M,26.7
1998,2023-10-24,RH2M,26.32
1999,2023-10-25,RH2M,26.49
2000,2023-10-26,RH2M,26.72
2001,2023-10-27,RH2M,26.11
2002,2023-10-28,RH2M,26.29
2003,2023-10-29,RH2M,27.3
2004,2023-10-30,RH2M,26.83
2005,2023-10-31,RH2M,26.61
2006,2023-11-01,RH2M,26.25
2007,2023-11-02,RH2M,26.28
2008,2023-11-03,RH2M,24.91
2009,2023-11-04,RH2M,25.49
2010,2023-11-05,RH2M,27.28
2011,2023-11-06,RH2M,26.54
2012,2023-11-07,RH2M,26.49
2013,2023-11-08,RH2M,26.35
2014,2023-11-09,RH2M,25.67
2015,2023-11-10,RH2M,25.72
2016,2023-11-11,RH2M,26.55
2017,2023-11-12,RH2M,26.92
2018,2023-11-13,RH2M,27.31
2019,2023-11-14,RH2M,26.38
2020,2023-11-15,RH2M,26.73
2021,2023-11-16,RH2M,25.65
2022,2023-11-17,RH2M,27.01
2023,2023-11-18,RH2M,26.46
2024,2023-11-19,RH2M,26.36
2025,2023-11-20,RH2M,26.33
2026,2023-11-21,RH2M,27.08
2027,2023-11-22,RH2M,26.76
2028,2023-11-23,RH2M,25.82
2029,2023-11-24,RH2M,26.04
2030,2023-11-25,RH2M,26.08
2031,2023-11-26,RH2M,25.33
2032,2023-11-27,RH2M,27.03
2033,2023-11-28,RH2M,26.86
2034,2023-11-29,RH2M,26.76
2035,2023-11-30,RH2M,27.17
2036,2023-12-01,RH2M,27.5
2037,2023-12-02,RH2M,27.19
2038,2023-12-03,RH2M,27.14
2039,2023-12-04,RH2M,27.03
2040,2023-12-05,RH2M,27.02
2041,2023-12-06,RH2M,26.99
2042,2023-12-07,RH2M,27.08
2043,2023-12-08,RH2M,26.52
2044,2023-12-09,RH2M,26.96
2045,2023-12-10,RH2M,27.1
2046,2023-12-11,RH2M,27.01
2047,2023-12-12,RH2M,25.88
2048,2023-12-13,RH2M,26.44
2049,2023-12-14,RH2M,26.84
2050,2023-12-15,RH2M,27.33
2051,2023-12-16,RH2M,26.88
2052,2023-12-17,RH2M,27.66
2053,2023-12-18,RH2M,26.78
2054,2023-12-19,RH2M,27.13
2055,2023-12-20,RH2M,27.62
2056,2023-12-21,RH2M,27.93
2057,2023-12-22,RH2M,27.98
2058,2023-12-23,RH2M,27.06
2059,2023-12-24,RH2M,27.41
2060,2023-12-25,RH2M,27.28
2061,2023-12-26,RH2M,25.81
2062,2023-12-27,RH2M,26.69
2063,2023-12-28,RH2M,26.32
2064,2023-12-29,RH2M,26.76
2065,2023-12-30,RH2M,26.55
2066,2023-12-31,RH2M,27.1
2067,2024-01-01,RH2M,27.22
2068,2024-01-02,RH2M,28.07
2069,2024-01-03,RH2M,27.51
2070,2024-01-04,RH2M,28.07
2071,2024-01-05,RH2M,27.62
2072,2024-01-06,RH2M,27.85
2073,2024-01-07,RH2M,27.86
2074,2024-01-08,RH2M,27.99
2075,2024-01-09,RH2M,27.48
2076,2024-01-10,RH2M,28.23
2077,2024-01-11,RH2M,26.82
2078,2024-01-12,RH2M,26.98
2079,2024-01-13,RH2M,27.74
2080,2024-01-14,RH2M,27.35
2081,2024-01-15,RH2M,26.99
2082,2024-01-16,RH2M,26.77
2083,2024-01-17,RH2M,25.91
2084,2024-01-18,RH2M,26.4
2085,2024-01-19,RH2M,26.83
2086,2024-01-20,RH2M,26.84
2087,2024-01-21,RH2M,26.62
2088,2024-01-22,RH2M,26.09
2089,2024-01-23,RH2M,26.67
2090,2024-01-24,RH2M,27.51
2091,2024-01-25,RH2M,26.03
2092,2024-01-26,RH2M,26.67
2093,2024-01-27,RH2M,26.6
2094,2024-01-28,RH2M,27.1
2095,2024-01-29,RH2M,27.92
2096,2024-01-30,RH2M,28.65
2097,2024-01-31,RH2M,28.3
2098,2024-02-01,RH2M,28.65
2099,2024-02-02,RH2M,28.09
2100,2024-02-03,RH2M,28.7
2101,2024-02-04,RH2M,28.44
2102,2024-02-05,RH2M,27.88
2103,2024-02-06,RH2M,27.86
2104,2024-02-07,RH2M,27.83
2105,2024-02-08,RH2M,28.04
2106,2024-02-09,RH2M,28.91
2107,2024-02-10,RH2M,29.39
2108,2024-02-11,RH2M,30.0
2109,2024-02-12,RH2M,30.71
2110,2024-02-13,RH2M,29.7
2111,2024-02-14,RH2M,28.88
2112,2024-02-15,RH2M,29.4
2113,2024-02-16,RH2M,29.53
2114,2024-02-17,RH2M,29.51
2115,2024-02-18,RH2M,28.95
2116,2024-02-19,RH2M,30.12
2117,2024-02-20,RH2M,30.42
2118,2024-02-21,RH2M,29.3
2119,2024-02-22,RH2M,28.9
2120,2024-02-23,RH2M,29.87
2121,2024-02-24,RH2M,29.65
2122,2024-02-25,RH2M,30.14
2123,2024-02-26,RH2M,30.8
2124,2024-02-27,RH2M,30.01
2125,2024-02-28,RH2M,30.29
2126,2024-02-29,RH2M,29.64
2127,2024-03-01,RH2M,30.53
2128,2024-03-02,RH2M,28.34
2129,2024-03-03,RH2M,28.52
2130,2024-03-04,RH2M,29.47
2131,2024-03-05,RH2M,28.15
2132,2024-03-06,RH2M,28.19
2133,2024-03-07,RH2M,28.41
2134,2024-03-08,RH2M,28.91
2135,2024-03-09,RH2M,27.82
2136,2024-03-10,RH2M,30.0
2137,2024-03-11,RH2M,28.08
2138,2024-03-12,RH2M,29.39
2139,2024-03-13,RH2M,29.38
2140,2024-03-14,RH2M,28.74
2141,2024-03-15,RH2M,29.2
2142,2024-03-16,RH2M,30.55
2143,2024-03-17,RH2M,29.68
2144,2024-03-18,RH2M,29.27
2145,2024-03-19,RH2M,29.07
2146,2024-03-20,RH2M,29.16
2147,2024-03-21,RH2M,30.12
2148,2024-03-22,RH2M,30.5
2149,2024-03-23,RH2M,29.61
2150,2024-03-24,RH2M,29.63
2151,2024-03-25,RH2M,28.92
2152,2024-03-26,RH2M,30.92
2153,2024-03-27,RH2M,31.55
2154,2024-03-28,RH2M,30.01
2155,2024-03-29,RH2M,30.06
2156,2024-03-30,RH2M,29.26
2157,2024-03-31,RH2M,29.5
2158,2024-04-01,RH2M,29.26
2159,2024-04-02,RH2M,30.22
2160,2024-04-03,RH2M,30.27
2161,2024-04-04,RH2M,29.09
2162,2024-04-05,RH2M,27.76
2163,2024-04-06,RH2M,29.21
2164,2024-04-07,RH2M,30.34
2165,2024-04-08,RH2M,28.4
2166,2024-04-09,RH2M,26.71
2167,2024-04-10,RH2M,28.0
2168,2024-04-11,RH2M,28.32
2169,2024-04-12,RH2M,28.11
2170,2024-04-13,RH2M,27.56
2171,2024-04-14,RH2M,28.04
2172,2024-04-15,RH2M,28.97
2173,2024-04-16,RH2M,27.99
2174,2024-04-17,RH2M,28.82
2175,2024-04-18,RH2M,28.31
2176,2024-04-19,RH2M,28.69
2177,2024-04-20,RH2M,29.67
2178,2024-04-21,RH2M,28.21
2179,2024-04-22,RH2M,29.33
2180,2024-04-23,RH2M,28.89
2181,2024-04-24,RH2M,28.41
2182,2024-04-25,RH2M,28.47
2183,2024-04-26,RH2M,28.11
2184,2024-04-27,RH2M,28.25
2185,2024-04-28,RH2M,28.71
2186,2024-04-29,RH2M,27.88
2187,2024-04-30,RH2M,27.25
2188,2024-05-01,RH2M,28.68
2189,2024-05-02,RH2M,27.44
2190,2024-05-03,RH2M,26.87
2191,2024-05-04,RH2M,27.27
2192,2024-05-05,RH2M,28.02
2193,2024-05-06,RH2M,28.25
2194,2024-05-07,RH2M,27.91
2195,2024-05-08,RH2M,26.83
2196,2024-05-09,RH2M,27.31
2197,2024-05-10,RH2M,27.48
2198,2024-05-11,RH2M,27.96
2199,2024-05-12,RH2M,27.93
2200,2024-05-13,RH2M,26.64
2201,2024-05-14,RH2M,28.19
2202,2024-05-15,RH2M,28.0
2203,2024-05-16,RH2M,27.01
2204,2024-05-17,RH2M,27.34
2205,2024-05-18,RH2M,27.57
2206,2024-05-19,RH2M,27.68
2207,2024-05-20,RH2M,27.52
2208,2024-05-21,RH2M,27.21
2209,2024-05-22,RH2M,26.08
2210,2024-05-23,RH2M,26.77
2211,2024-05-24,RH2M,26.84
2212,2024-05-25,RH2M,26.75
2213,2024-05-26,RH2M,28.22
2214,2024-05-27,RH2M,27.9
2215,2024-05-28,RH2M,26.81
2216,2024-05-29,RH2M,27.29
2217,2024-05-30,RH2M,26.98
2218,2024-05-31,RH2M,27.06
2219,2024-06-01,RH2M,28.14
2220,2024-06-02,RH2M,26.28
2221,2024-06-03,RH2M,27.29
2222,2024-06-04,RH2M,26.2
2223,2024-06-05,RH2M,26.57
2224,2024-06-06,RH2M,26.14
2225,2024-06-07,RH2M,27.04
2226,2024-06-08,RH2M,26.61
2227,2024-06-09,RH2M,25.67
2228,2024-06-10,RH2M,26.79
2229,2024-06-11,RH2M,26.02
2230,2024-06-12,RH2M,27.15
2231,2024-06-13,RH2M,27.69
2232,2024-06-14,RH2M,26.61
2233,2024-06-15,RH2M,26.67
2234,2024-06-16,RH2M,25.45
2235,2024-06-17,RH2M,26.83
2236,2024-06-18,RH2M,27.26
2237,2024-06-19,RH2M,27.8
2238,2024-06-20,RH2M,27.0
2239,2024-06-21,RH2M,26.04
2240,2024-06-22,RH2M,26.7
2241,2024-06-23,RH2M,26.08
2242,2024-06-24,RH2M,25.7
2243,2024-06-25,RH2M,24.84
2244,2024-06-26,RH2M,24.73
2245,2024-06-27,RH2M,26.25
2246,2024-06-28,RH2M,26.59
2247,2024-06-29,RH2M,25.34
2248,2024-06-30,RH2M,25.38
2249,2024-07-01,RH2M,25.52
2250,2024-07-02,RH2M,26.26
2251,2024-07-03,RH2M,25.63
2252,2024-07-04,RH2M,25.22
2253,2024-07-05,RH2M,24.88
2254,2024-07-06,RH2M,26.04
2255,2024-07-07,RH2M,25.49
2256,2024-07-08,RH2M,25.1
2257,2024-07-09,RH2M,25.78
2258,2024-07-10,RH2M,25.29
2259,2024-07-11,RH2M,25.33
2260,2024-07-12,RH2M,26.12
2261,2024-07-13,RH2M,25.79
2262,2024-07-14,RH2M,25.76
2263,2024-07-15,RH2M,24.99
2264,2024-07-16,RH2M,25.46
2265,2024-07-17,RH2M,25.83
2266,2024-07-18,RH2M,24.88
2267,2024-07-19,RH2M,25.37
2268,2024-07-20,RH2M,25.93
2269,2024-07-21,RH2M,25.32
2270,2024-07-22,RH2M,25.97
2271,2024-07-23,RH2M,26.22
2272,2024-07-24,RH2M,26.29
2273,2024-07-25,RH2M,26.23
2274,2024-07-26,RH2M,25.87
2275,2024-07-27,RH2M,25.44
2276,2024-07-28,RH2M,25.05
2277,2024-07-29,RH2M,25.62
2278,2024-07-30,RH2M,25.44
2279,2024-07-31,RH2M,25.89
2280,2024-08-01,RH2M,25.56
2281,2024-08-02,RH2M,25.18
2282,2024-08-03,RH2M,25.46
2283,2024-08-04,RH2M,25.01
2284,2024-08-05,RH2M,25.63
2285,2024-08-06,RH2M,25.92
2286,2024-08-07,RH2M,25.9
2287,2024-08-08,RH2M,26.05
2288,2024-08-09,RH2M,25.97
2289,2024-08-10,RH2M,26.2
2290,2024-08-11,RH2M,26.13
2291,2024-08-12,RH2M,25.53
2292,2024-08-13,RH2M,25.08
2293,2024-08-14,RH2M,25.8
2294,2024-08-15,RH2M,25.4
2295,2024-08-16,RH2M,24.95
2296,2024-08-17,RH2M,24.96
2297,2024-08-18,RH2M,25.46
2298,2024-08-19,RH2M,24.53
2299,2024-08-20,RH2M,24.93
2300,2024-08-21,RH2M,25.88
2301,2024-08-22,RH2M,25.87
2302,2024-08-23,RH2M,25.49
2303,2024-08-24,RH2M,24.83
2304,2024-08-25,RH2M,25.46
2305,2024-08-26,RH2M,24.68
2306,2024-08-27,RH2M,25.53
2307,2024-08-28,RH2M,26.14
2308,2024-08-29,RH2M,25.84
2309,2024-08-30,RH2M,25.02
2310,2024-08-31,RH2M,25.62
2311,2024-09-01,RH2M,26.19
2312,2024-09-02,RH2M,25.92
2313,2024-09-03,RH2M,25.79
2314,2024-09-04,RH2M,26.52
2315,2024-09-05,RH2M,26.49
2316,2024-09-06,RH2M,25.39
2317,2024-09-07,RH2M,24.63
2318,2024-09-08,RH2M,26.27
2319,2024-09-09,RH2M,26.29
2320,2024-09-10,RH2M,26.07
2321,2024-09-11,RH2M,26.41
2322,2024-09-12,RH2M,26.34
2323,2024-09-13,RH2M,26.29
2324,2024-09-14,RH2M,25.23
2325,2024-09-15,RH2M,26.72
2326,2024-09-16,RH2M,26.47
2327,2024-09-17,RH2M,24.92
2328,2024-09-18,RH2M,25.55
2329,2024-09-19,RH2M,26.2
2330,2024-09-20,RH2M,25.18
2331,2024-09-21,RH2M,25.49
2332,2024-09-22,RH2M,26.53
2333,2024-09-23,RH2M,25.91
2334,2024-09-24,RH2M,25.97
2335,2024-09-25,RH2M,25.91
2336,2024-09-26,RH2M,25.68
2337,2024-09-27,RH2M,25.34
2338,2024-09-28,RH2M,25.14
2339,2024-09-29,RH2M,25.3
2340,2024-09-30,RH2M,26.2
2341,2024-10-01,RH2M,25.62
2342,2024-10-02,RH2M,26.72
2343,2024-10-03,RH2M,25.48
2344,2024-10-04,RH2M,25.82
2345,2024-10-05,RH2M,25.98
2346,2024-10-06,RH2M,25.47
2347,2024-10-07,RH2M,26.22
2348,2024-10-08,RH2M,25.8
2349,2024-10-09,RH2M,25.15
2350,2024-10-10,RH2M,26.36
2351,2024-10-11,RH2M,26.74
2352,2024-10-12,RH2M,25.66
2353,2024-10-13,RH2M,25.09
2354,2024-10-14,RH2M,25.14
2355,2024-10-15,RH2M,25.5
2356,2024-10-16,RH2M,25.54
2357,2024-10-17,RH2M,26.06
2358,2024-10-18,RH2M,25.75
2359,2024-10-19,RH2M,26.64
2360,2024-10-20,RH2M,25.09
2361,2024-10-21,RH2M,26.64
2362,2024-10-22,RH2M,26.14
2363,2024-10-23,RH2M,26.17
2364,2024-10-24,RH2M,25.24
2365,2024-10-25,RH2M,25.27
2366,2024-10-26,RH2M,25.83
2367,2024-10-27,RH2M,25.83
2368,2024-10-28,RH2M,25.14
2369,2024-10-29,RH2M,24.39
2370,2024-10-30,RH2M,26.79
2371,2024-10-31,RH2M,27.31
2372,2024-11-01,RH2M,27.01
2373,2024-11-02,RH2M,26.09
2374,2024-11-03,RH2M,26.76
2375,2024-11-04,RH2M,27.54
2376,2024-11-05,RH2M,26.77
2377,2024-11-06,RH2M,26.08
2378,2024-11-07,RH2M,26.52
2379,2024-11-08,RH2M,26.53
2380,2024-11-09,RH2M,27.43
2381,2024-11-10,RH2M,26.74
2382,2024-11-11,RH2M,27.81
2383,2024-11-12,RH2M,27.69
2384,2024-11-13,RH2M,29.38
2385,2024-11-14,RH2M,29.18
2386,2024-11-15,RH2M,28.21
2387,2024-11-16,RH2M,27.77
2388,2024-11-17,RH2M,27.63
2389,2024-11-18,RH2M,27.82
2390,2024-11-19,RH2M,28.04
2391,2024-11-20,RH2M,28.38
2392,2024-11-21,RH2M,28.32
2393,2024-11-22,RH2M,28.15
2394,2024-11-23,RH2M,28.89
2395,2024-11-24,RH2M,28.02
2396,2024-11-25,RH2M,27.86
2397,2024-11-26,RH2M,26.22
2398,2024-11-27,RH2M,26.26
2399,2024-11-28,RH2M,27.0
2400,2024-11-29,RH2M,26.42
2401,2024-11-30,RH2M,27.55
2402,2024-12-01,RH2M,27.98
2403,2024-12-02,RH2M,29.07
2404,2024-12-03,RH2M,27.3
2405,2024-12-04,RH2M,27.52
2406,2024-12-05,RH2M,27.9
2407,2024-12-06,RH2M,27.86
2408,2024-12-07,RH2M,28.0
2409,2024-12-08,RH2M,26.6
2410,2024-12-09,RH2M,26.84
2411,2024-12-10,RH2M,27.66
2412,2024-12-11,RH2M,27.93
2413,2024-12-12,RH2M,28.26
2414,2024-12-13,RH2M,28.31
2415,2024-12-14,RH2M,27.41
2416,2024-12-15,RH2M,27.03
2417,2024-12-16,RH2M,26.69
2418,2024-12-17,RH2M,24.76
2419,2024-12-18,RH2M,26.44
2420,2024-12-19,RH2M,26.26
2421,2024-12-20,RH2M,26.14
2422,2024-12-21,RH2M,27.17
2423,2024-12-22,RH2M,27.83
2424,2024-12-23,RH2M,28.25
2425,2024-12-24,RH2M,28.59
2426,2024-12-25,RH2M,29.39
2427,2024-12-26,RH2M,28.18
2428,2024-12-27,RH2M,27.25
2429,2024-12-28,RH2M,28.36
2430,2024-12-29,RH2M,27.89
2431,2024-12-30,RH2M,28.29
2432,2024-12-31,RH2M,28.81
2433,2025-01-01,RH2M,28.93
2434,2025-01-02,RH2M,29.19
2435,2025-01-03,RH2M,29.52
2436,2025-01-04,RH2M,29.37
2437,2025-01-05,RH2M,28.71
2438,2025-01-06,RH2M,28.01
2439,2025-01-07,RH2M,28.21
2440,2025-01-08,RH2M,28.75
2441,2025-01-09,RH2M,28.29
2442,2025-01-10,RH2M,28.06
2443,2025-01-11,RH2M,28.01
2444,2025-01-12,RH2M,28.15
2445,2025-01-13,RH2M,28.77
2446,2025-01-14,RH2M,28.93
2447,2025-01-15,RH2M,29.1
2448,2025-01-16,RH2M,29.82
2449,2025-01-17,RH2M,29.73
2450,2025-01-18,RH2M,28.31
2451,2025-01-19,RH2M,28.72
2452,2025-01-20,RH2M,28.64
2453,2025-01-21,RH2M,29.1
2454,2025-01-22,RH2M,29.93
2455,2025-01-23,RH2M,28.69
2456,2025-01-24,RH2M,29.16
2457,2025-01-25,RH2M,29.87
2458,2025-01-26,RH2M,29.55
2459,2025-01-27,RH2M,29.24
2460,2025-01-28,RH2M,28.63
2461,2025-01-29,RH2M,28.39
2462,2025-01-30,RH2M,28.72
2463,2025-01-31,RH2M,28.69
2464,2025-02-01,RH2M,29.06
2465,2025-02-02,RH2M,29.89
2466,2025-02-03,RH2M,30.49
2467,2025-02-04,RH2M,30.43
2468,2025-02-05,RH2M,30.68
2469,2025-02-06,RH2M,30.62
2470,2025-02-07,RH2M,29.18
2471,2025-02-08,RH2M,30.24
2472,2025-02-09,RH2M,30.49
2473,2025-02-10,RH2M,30.86
2474,2025-02-11,RH2M,29.58
2475,2025-02-12,RH2M,30.28
2476,2025-02-13,RH2M,30.14
2477,2025-02-14,RH2M,29.76
2478,2025-02-15,RH2M,30.57
2479,2025-02-16,RH2M,30.56
2480,2025-02-17,RH2M,30.31
2481,2025-02-18,RH2M,30.58
2482,2025-02-19,RH2M,31.13
2483,2025-02-20,RH2M,30.23
2484,2025-02-21,RH2M,29.09
2485,2025-02-22,RH2M,28.94
2486,2025-02-23,RH2M,28.94
2487,2025-02-24,RH2M,28.23
2488,2025-02-25,RH2M,29.57
2489,2025-02-26,RH2M,28.35
2490,2025-02-27,RH2M,28.53
2491,2025-02-28,RH2M,30.59
2492,2025-03-01,RH2M,30.43
2493,2025-03-02,RH2M,31.18
2494,2025-03-03,RH2M,30.89
2495,2025-03-04,RH2M,31.43
2496,2025-03-05,RH2M,31.31
2497,2025-03-06,RH2M,31.86
2498,2025-03-07,RH2M,31.69
2499,2025-03-08,RH2M,31.78
2500,2025-03-09,RH2M,31.76
2501,2025-03-10,RH2M,32.22
2502,2025-03-11,RH2M,32.22
2503,2025-03-12,RH2M,30.08
2504,2025-03-13,RH2M,29.57
2505,2025-03-14,RH2M,30.89
2506,2025-03-15,RH2M,30.94
2507,2025-03-16,RH2M,31.34
2508,2025-03-17,RH2M,30.1
2509,2025-03-18,RH2M,29.97
2510,2025-03-19,RH2M,30.07
2511,2025-03-20,RH2M,29.65
2512,2025-03-21,RH2M,29.68
2513,2025-03-22,RH2M,28.8
2514,2025-03-23,RH2M,28.92
2515,2025-03-24,RH2M,30.9
2516,2025-03-25,RH2M,30.84
2517,2025-03-26,RH2M,30.51
2518,2025-03-27,RH2M,30.77
2519,2025-03-28,RH2M,30.42
2520,2025-03-29,RH2M,30.91
2521,2025-03-30,RH2M,31.25
2522,2025-03-31,RH2M,29.3
2523,2025-04-01,RH2M,27.29
2524,2025-04-02,RH2M,24.68
2525,2025-04-03,RH2M,25.95
2526,2025-04-04,RH2M,26.81
2527,2025-04-05,RH2M,26.87
2528,2025-04-06,RH2M,27.17
2529,2025-04-07,RH2M,27.26
2530,2025-04-08,RH2M,27.0
2531,2025-04-09,RH2M,27.1
2532,2025-04-10,RH2M,25.1
2533,2025-04-11,RH2M,26.14
2534,2025-04-12,RH2M,26.57
2535,2025-04-13,RH2M,26.97
2536,2025-04-14,RH2M,27.21
2537,2025-04-15,RH2M,27.21
2538,2025-04-16,RH2M,26.78
2539,2025-04-17,RH2M,26.73
2540,2025-04-18,RH2M,26.98
2541,2025-04-19,RH2M,27.07
2542,2025-04-20,RH2M,27.15
2543,2025-04-21,RH2M,27.43
2544,2025-04-22,RH2M,26.04
2545,2025-04-23,RH2M,26.71
2546,2025-04-24,RH2M,26.98
2547,2025-04-25,RH2M,27.04
2548,2025-04-26,RH2M,26.46
2549,2025-04-27,RH2M,27.03
2550,2025-04-28,RH2M,26.3
2551,2025-04-29,RH2M,25.07
2552,2025-04-30,RH2M,26.42
